opis,cena,id,vrednost_kupona,ocena,stevilo_ocen,cas_dostave,amazons_choice,produkt_sponzoriran,proizvajalec,OS,ssd,ram
"Intel NUC, NUC11 Windows 10 Pro Desktop Mini PC, Intel® Core i5-1135G7 4-Core, 2.4 GHz - 4.2 GHz Turbo, 8 MB Cache, 16 GB RAM, 512 GB PCIe SSD 28 W Intel® W ris™ Xe Graphics NUC11PAHi5",799.99,B0B1LTRJ7Q,90.00,4.4,14,9,True,True,Intel,Windows,512,16
"Intel NUC, NUC 10 i5, Intel® Core™ i5-10210U Mini PC, NUC10i5FNHN Barebone, up to 4.2 GHz, 4 cores, 8 threads, no OS",529.99,B0B1MN8WX5,0,4.8,8,21,False,True,Intel,no OS,unknown,unknown
"Intel NUC, NUC11 Windows 10 Pro Desktop Mini PC, Intel® Core i5-1135G7 4-Core, 2.4 GHz - 4.2 GHz Turbo, 8 MB Cache, 16 GB RAM, 512 GB PCIe SSD 28 W Intel® W ris™ Xe Graphics NUC11PAHi5",799.99,B0B1LTRJ7Q,90.00,4.4,14,9,True,False,Intel,Windows,512,16
"NUC 11 NUC11PAHi7 Home&amp;Business Desktop Mini PC, Intel® Core™ i7-1165G7 4-Core, 2.8GHz-4.7GHz Turbo, 8 Thread, 12MB Cache, 32GB RAM, 1TB PCIe SSD, 28 W I. ntel® Iris™ X Graphics, Win 10Pro","1,129.99",B09KNK3R29,80.00,4.9,12,21,False,False,Intel,Windows,1024,32
"Intel NUC10 NUC10i5FNHN Home &amp; Business Desktop Mini PC, Intel® Core™ i5-10210U 10Generation, up to 4.2 GHz, 4 cores, 8 threads, 25 W Intel® UHD graphics, 16 GB RAM, 51. 2 GB PCIe SSD, Win 10Pro",640.00,B0B1ML7HLK,0,4.8,8,9,False,False,Intel,Windows,2048,16
"Intel NUC, NUC11 Windows 10 Pro Desktop Mini PC, Intel® Core i5-1135G7 4-Core, 2.4 GHz - 4.2 GHz Turbo, 8 MB Cache, 16 GB RAM, 512 GB PCIe SSD 28 W Intel® W ris™ Xe Graphics NUC11PAHi5",799.99,B0B1ML7ADE,90.00,4.4,14,9,False,False,Intel,Windows,512,16
"GEEKOM Mini IT8 i5-8279U (up to 4.1 GHz) Mini PC, Windows 11 Pro Mini PC, 16 GB DDR4 RAM 512 GB SSD Mini Desktop PC, Mini Computer 4K @ 60Hz | Supports 4 Displays | 2.4/5GWiFi | BT Home/B. Office small PC",499.99,B0B1DV81FY,70.00,4.6,157,21,False,True,GEEKOM,Windows,512,16
Intel NUC Barebone BOXNUC7PJYHN2 EU Cord Black,149.99,B093Z522BW,0,3.5,4,8,False,False,Intel,no OS,unknown,unknown
INTEL - NUC RNUC12WSHI70000 Extreme Kit - Black,831.49,B0BG66CKW9,0,5.0,1,9,False,False,Intel,unknown,unknown,unknown
INTEL NUC Barebone BOXNUC7CJYHN2 EU Cord,127.89,B093Z4N4X4,0,4.3,11,8,False,False,Intel,no OS,unknown,unknown
"Intel NUC 11 Pro Mini PC Tiger Canyon (4C/8T up to 4.2GHz, 8MB Cache, 16GB DDR4 RAM, 512GB SSD) Mini Desktop PC, Windows 11 Pro, 2 x Thunderbolt DP 1.4, USB 3.2 Port, WiFi6",879.00,B0B9B454GR,80.00,4.5,27,10,False,False,Intel,Windows,512,16
"Intel NUC, NUC 11 Barebone Mini PC, Intel® Core i5-1135G7 4-Core 2.4GHz - 4.2GHz Turbo, 8-Thread, 8MB Cache, 28W Intel Iris™ Xe Graphics without OS and Cable NUC11PAHi. 5",759.99,B09KNJF4WZ,0,4.6,17,9,False,False,Intel,no OS,unknown,unknown
"MINISFORUM Mini PC 8GB DDR4 256GB SSD with Celeron Processor J4125 Quad-Core (up to 2.7GHz) 4 x USB 3.0 Ports 2 x Gigabit Ethernet Support HDD, 4K @ 60Hz HDMI, DisplayPort Dual Band WiFi Fi BT 4. 2",229.99,B089CNZL8S,0,4.5,574,8,False,True,MINIS FORUM,unknown,256,8
"Intel NUC, NUC 10 i5, Intel® Core™ i5-10210U, 8GB RAM 256GB SSD Mini PC, NUC10i5FNHN, up to 4.2 GHz, 4 cores, 8 threads, Windows 10 Pro",629.99,B09KWZDXX8,0,4.9,25,13,False,False,Intel,Windows,256,8
"Intel NUC, NUC 11 Pro Windows 10 Pro Desktop Mini PC, Intel® Core i5-1135G7 4-Core, 2.4GHz-4.2GHz Turbo, 8-Thread, 8MB Cache, 16GB RAM, 256GB PCIe SSD, 28 W. Intelle. ® Iris™ Xe Graphics, NUC11PAHi5",749.99,B0B1MN8LXD,70.00,5.0,2,21,False,False,Intel,Windows,256,16
Intel NUC 12 Pro Kit NUC12WSHi5 UCFF Black i5-1240P,562.08,B0BJ2VHPGZ,0,-1,0,13,False,False,Intel,unknown,unknown,unknown
Intel NUC 11 Pro UCFF Black i3-1115G4,330.11,B08YFDXP1B,0,-1,0,8,False,False,Intel,unknown,unknown,unknown
"MINIS FORUM JB95 Mini PC, Intel Celeron Silver N5095 Processor Quad-Core CPU 8 GB / 128GB SSD Mini Desktop Computer with Windows 10, HDMI/DP/USB C Connector, USB 3.0×2, USB 3.1×2",239.00,B089CZ4QC6,34.00,4.2,358,8,False,True,Intel,Windows,128,unknown
Intel Tiger Canyon NUC11TNHI3 Barebone L6 without Line,364.05,B08VH6YHBH,0,4.8,4,27,False,False,Intel,no OS,unknown,unknown
Intel NUC BOXNUC7CJYSAMN2 EU Cord,248.78,B093Z56JTW,0,-1,0,8,False,False,Intel,unknown,unknown,unknown
"NUC 11 NUC11PAHi7 Home&amp;Business Desktop Mini PC, Intel® Core™ i7-1165G7 4-Core, 2.8GHz-4.7GHz Turbo, 8 Thread, 12MB Cache, 16GB RAM, 512GB PCIe 28 W Intel® Iris™ X graphics, Win 10Pro",929.99,B09KMVGLHQ,0,4.7,9,13,False,False,Intel,Windows,unknown,16
"Mini PC I5-8279 Intel Core Mini PC W11 Pro with 16GB DDR4 500GB M.2 NVME SSD TRIGKEY S8 Mini Computer W11, Mini Desktop Gaming PC WiFi 5, Mini PC Gaming Suitable for Zoom, LOL, GTA Online",499.00,B09PNDV5MM,76.00,4.3,36,9,False,True,Intel,Windows,500,16
"Intel NUC 11 Essential Windows 11, Atlas Canyon Celeron N5105, 4 Cores, 4 Threads, 2.9 GHz, 4MB Level 3 Cache, 46W TDP, Intel UHD Graphics",309.99,B0B8HWXN8F,30.00,4.4,14,8,False,True,Intel,Windows,unknown,unknown
"Intel NUC, NUC 11 Pro Windows 10 Pro Desktop Mini PC, Intel® Core i5-1135G7 4-Core, 2.4GHz-4.2GHz Turbo, 8-Thread, 8MB Cache, 16GB RAM, 256GB PCIe SSD, 28 W. Intelle. ® Iris™ Xe Graphics, NUC11PAHi5",749.99,B0B1MN8LXD,70.00,5.0,2,21,False,True,Intel,Windows,256,16
HumanCentric Intel NUC VESA Mount for NUC Mini PC Computer,12.99,B07KB4YWQS,0,4.6,584,8,False,False,Intel,unknown,unknown,unknown
"NUC 11 NUC11PAHi7 Home&amp;Business Desktop Mini PC, Intel® Core™ i7-1165G7 4-Core, 2.8GHz-4.7GHz Turbo, 8 Thread, 12MB Cache, 16GB RAM, 512GB PCIe 28 W Intel® Iris™ X graphics, Win 10Pro",929.99,B09KMVGLHQ,0,4.7,9,13,False,False,Intel,Windows,unknown,16
Intel Juni Canyon NUC7CJYHN Barebone L6 without Cord,130.83,B093YPT4TR,0,-1,0,8,False,False,Intel,no OS,unknown,unknown
Intel NUC BOXNUC7CJYSAMN2 EU Cord,248.78,B093Z56JTW,0,-1,0,8,False,False,Intel,unknown,unknown,unknown
"Intel NUC, NUC 10 i5, Intel® Core™ i5-10210U Mini PC, NUC10i5FNHN Barebone, up to 4.2 GHz, 4 cores, 8 threads, no OS",529.99,B0B1MN8WX5,0,4.8,8,21,False,True,Intel,no OS,unknown,unknown
Intel NUC 12 Pro Kit NUC12WSHi5 UCFF Black i5-1240P,562.08,B0BJ2VHPGZ,0,-1,0,13,False,False,Intel,unknown,unknown,unknown
"shinobee Silent Mini PC BRIX NUC 6 Watt Office, 8 GB RAM, 512 GB SSD, Windows 11 Pro, HDMI, USB 3.0, MS Office 2010 Starter, Inaudible Quiet, WiFi, Bluetooth. #7085",177.00,B0BCX9H4GG,0,4.0,2,13,False,False,Shinobee,Windows,512,8
"Intel NUC 11, Intel Core i7-1165G7, 2.8-4.7GHz, 28W Intel Iris Xe Graphics, NVIDIA GeForce RTX2060 Discrete Graphics 6GB GDDR, without RAM SSD and OS, additional components required NUC11PHK. i7C","1,699.99",B09KR9QQCR,0,4.5,12,21,False,False,Intel,unknown,unknown,unknown
"Intel Nuc Mini Complete PC, Intel i5-10210U Quad Core 4x4.20GHz, 16GB DDR4 RAM, 512GB SSD, USB 3.1, HDMI, Intel UHD Graphics, Windows 10 Pro, 3 Year Warranty",649.89,B08BKBN2DP,0,4.5,81,14,False,False,Intel,Windows,512,16
Mini PC - NUC 11H Pro - Core i5 1135G7 - RAM: 8GB - SSD: 500GB - USB 3 - Windows 11 Pro,-1,B07RY493ZH,0,4.6,6,-1,False,False,unknown,Windows,500,
"CHUWI Mini PC LarkBox X, AMD Ryzen™7 3750H Processor up to 4GHz, 8GB DDR4 256GB SSD Mini Desktop Computer with Windows 11 OS, HDMI, DP and Type-C Connection, RJ45-LAN, WiFi 6, BT5.2, M.2 Plug Space, USB 3. 1 x 4",399.00,B00OKAHH8O,30.00,4.3,254,8,False,True,Chuwi,Windows,256,8
"Intel Nuc Mini Complete PC, Intel Dual Core 2 x 2.70GHz, 8GB RAM, 256GB SSD, USB 3.0, HDMI, Intel UHD Graphics, 4K Resolution, 3 Year Manufacturer&#x27;s Warranty, Windows 10 Pro",409.00,B07W72ZDXZ,0,4.7,65,-1,False,False,Intel,Windows,256,8
"Intel Nuc Mini Komplett PC, Intel i5-10210U Quad Core 4 x 4.20 GHz, 16 GB DDR4 RAM, 512 GB SSD, USB 3.1, HDMI, Intel UHD Grafik, Windows 10 Pro, 3 Jahre Garantie",-1,B081F73FMY,0,4.4,77,-1,False,False,Intel,Windows,512,16
Mini PC - NUC 11H Pro - Core i7 1165G7 - RAM: 32GB - SSD: 1000GB - USB 3 - Windows 11 Pro,"1,043.92",B07RZTFJNK,0,4.6,63,14,False,False,unknown,Windows,1000,
Mini PC NUC - 10th Gen - Core i3 10110U - 8GB RAM - 250GB SSD - USB 3 - Windows 10 Pro,609.00,B07RNLJWQF,0,5.0,17,13,False,False,unknown,Windows,250,8
"MINIS FORUM JB95 Mini PC, Intel Celeron Silver N5095 Processor Quad-Core CPU 8 GB / 128GB SSD Mini Desktop Computer with Windows 10, HDMI/DP/USB C Connector, USB 3.0×2, USB 3.1×2",239.00,B089CZ4QC6,34.00,4.2,358,8,False,True,Intel,Windows,128,unknown
Mini PC Intel NUC - i7 Intel Core - 16GB RAM - 500GB SSD - Windows 10 Pro,-1,B07RZTFP96,0,4.7,27,-1,False,False,Intel,Windows,500,16
"MINISFORUM UM350 Mini PC Windows 11 Pro AMD Ryzen 5 3550H DDR4 16GB RAM 512GB PCle SSD Mini Desktop Computer, Dual Band WiFi, 4K@60Hz HDMI/DisplayPort/USB-C, 2.5G RJ45-LAN,4 X USB 3.0",363.59,B09NPZ4L2Q,0,4.5,162,21,False,False,MINIS FORUM,Windows,512,16
Lenovo ThinkCentre M93p Tiny USDT Intel Core i5 512GB SSD Hard Drive 16GB Memory Windows 10 Pro Includes Wi-LAN Business Desktop Computer Mini PC (Certified and Refurbished),250.00,B089MDB3KT,0,4.3,74,3,False,False,Intel,Windows,512,unknown
"Mini PC I5-8279 Intel Core Mini PC W11 Pro with 16GB DDR4 500GB M.2 NVME SSD TRIGKEY S8 Mini Computer W11, Mini Desktop Gaming PC WiFi 5, Mini PC Gaming Suitable for Zoom, LOL, GTA Online",499.00,B09PNDV5MM,76.00,4.3,36,9,False,True,Intel,Windows,500,16
"Intel NUC 11 Essential Windows 11, Atlas Canyon Celeron N5105, 4 Cores, 4 Threads, 2.9 GHz, 4MB Level 3 Cache, 46W TDP, Intel UHD Graphics",309.99,B0B8HWXN8F,30.00,4.4,14,8,False,True,Intel,Windows,unknown,unknown
"Intel NUC, NUC 11 Pro Windows 10 Pro Desktop Mini PC, Intel® Core i5-1135G7 4-Core, 2.4GHz-4.2GHz Turbo, 8-Thread, 8MB Cache, 16GB RAM, 256GB PCIe SSD, 28 W. Intelle. ® Iris™ Xe Graphics, NUC11PAHi5",749.99,B0B1MN8LXD,70.00,5.0,2,21,False,True,Intel,Windows,256,16
Intel Juni Canyon NUC7CJYHN Barebone L6 without Cord,130.83,B093YPT4TR,0,-1,0,8,False,False,Intel,no OS,unknown,unknown
"Intel NUC NUC7CJYH J4005 2.00GHz UCFF Black BGA 1090 - Barebones PC/Workstation (Intel® Celeron® J4005, 2.00GHz, 14nm, 2.70GHz, 4MB)",-1,B07BTD3H5X,0,4.1,79,-1,False,False,Intel,no OS,unknown,unknown
Fujitsu Esprimo Q920 0-Watt Intel Quad Core i5 256GB SSD Hard Drive 8GB Memory Windows 10 Pro MAR Business Desktop Mini PC Computer (Refurbished),206.00,B004VRARQU,0,4.0,25,13,False,False,Intel,Windows,256,unknown
Intel NUC 9 Extreme Ghost Canyon i7-9750H 0GB 0GB Intel UHD DOS,-1,B08CCC4CXN,0,4.5,17,-1,False,False,Intel,unknown,unknown,unknown
"Intel NUC, NUC 10 i5, Intel® Core™ i5-10210U Mini PC, NUC10i5FNHN Barebone, up to 4.2 GHz, 4 cores, 8 threads, no OS",529.99,B0B1MN8WX5,0,4.8,8,21,False,True,Intel,no OS,unknown,unknown
"MINIS FORUM JB95 Mini PC, Intel Celeron Silver N5095 Processor Quad-Core CPU 8 GB / 128GB SSD Mini Desktop Computer with Windows 10, HDMI/DP/USB C Connector, USB 3.0×2, USB 3.1×2",239.00,B089CZ4QC6,34.00,4.2,358,8,False,False,Intel,Windows,128,unknown
Mini PC - NUC 11H Pro - Core i7 1165G7 - RAM: 32GB - SSD: 1000GB - USB 3 - Windows 11 Pro,"1,043.92",B07RZTFJNK,0,4.6,63,14,False,False,unknown,Windows,1000,
"Orbsmart AW-13 4K Mini-PC Windows 11 Pro Desktop PC | Computer | Fanless | Silent (Intel N5100 CPU, 16GB RAM, 256GB Internal Memory, 2.5&quot; Hard Drive Bay, HDMI 2.0), Black",354.90,B09XBKYXRF,0,4.5,27,8,False,False,Intel,Windows,unknown,16
Mini PC NUC - 10th Gen - Core i3 10110U - 8GB RAM - 250GB SSD - USB 3 - Windows 10 Pro,609.00,B07RNLJWQF,0,5.0,17,13,False,False,unknown,Windows,250,8
"shinobee Silent Mini PC BRIX NUC 6 Watt Office, 8 GB RAM, 512 GB SSD, Windows 11 Pro, HDMI, USB 3.0, MS Office 2010 Starter, Inaudible Quiet, WiFi, Bluetooth. #7085",177.00,B0BCX9H4GG,0,4.0,2,13,False,False,Shinobee,Windows,512,8
"MINIS FORUM JB95 Mini PC, Intel Celeron Silver N5095 Processor Quad-Core CPU 8 GB / 128GB SSD Mini Desktop Computer with Windows 10, HDMI/DP/USB C Connector, USB 3.0×2, USB 3.1×2",239.00,B089CZ4QC6,34.00,4.2,358,8,False,True,Intel,Windows,128,unknown
Intel Barebone NUC NUC10i7FNH I7-10710U UHD Graphic,636.65,B08465XBXP,0,4.5,186,14,False,False,Intel,no OS,unknown,unknown
"BMAX Mini PC 8GB DDR4 256GB SSD Gemini Lake J4105 Windows 11 Pro Mini Computer Dual HDMI Three Screen Display Gigabit Ethernet Wi-Fi, Bluetooth 4.2",169.99,B0BFQFFHPM,0,4.5,206,8,False,False,BMAX,Windows,256,8
Intel NUC 11 Pro UCFF Black i7-1185G7 BNUC11TNHV70002,744.34,B08YFFLHYN,0,-1,0,15,False,False,Intel,unknown,unknown,unknown
Intel NUC 11 NUC11TNKi5 Professional Kit with Audio Codec i5-1135G7,469.00,B08YFCWXF4,0,4.6,6,16,False,False,Intel,unknown,unknown,unknown
"GEEKOM Mini IT8 i5-8279U (up to 4.1 GHz) Mini PC, Windows 11 Pro Mini PC, 16 GB DDR4 RAM 512 GB SSD Mini Desktop PC, Mini Computer 4K @ 60Hz | Supports 4 Displays | 2.4/5GWiFi | BT Home/B. Office small PC",499.99,B0B1DV81FY,70.00,4.6,157,21,False,True,GEEKOM,Windows,512,16
"Mini PC W11 N5095 Intel Mini PC with 8G DDR4 256G M.2 SSD 2280 TRIGKEY Green G2 Mini Computer, 4K Dual HDMI Output/WiFi/Bluetooth/Zoom/Ms Office",259.00,B09PN1Y3T7,40.00,4.5,22,8,False,False,Intel,Windows,256,8
Intel Panther Canyon NUC11PAHI5 Barebone L6 without Cord,447.99,B08VGZ6M5Z,0,5.0,7,24,False,False,Intel,no OS,unknown,unknown
HumanCentric Intel NUC VESA Mount for NUC Mini PC Computer,12.99,B07KB4YWQS,0,4.6,584,8,False,False,Intel,unknown,unknown,unknown
"MINISFORUM Mini PC 8GB DDR4 256GB SSD with Celeron Processor J4125 Quad-Core (up to 2.7GHz) 4 x USB 3.0 Ports 2 x Gigabit Ethernet Support HDD, 4K @ 60Hz HDMI, DisplayPort Dual Band WiFi Fi BT 4. 2",229.99,B089CNZL8S,0,4.5,574,8,False,True,MINIS FORUM,unknown,256,8
"Intel NUC 11 Essential Windows 11, Atlas Canyon Celeron N5105, 4 Cores, 4 Threads, 2.9 GHz, 4MB Level 3 Cache, 46W TDP, Intel UHD Graphics",309.99,B0B8HWXN8F,30.00,4.4,14,8,False,True,Intel,Windows,unknown,unknown
"Intel NUC, NUC 11 Pro Windows 10 Pro Desktop Mini PC, Intel® Core i5-1135G7 4-Core, 2.4GHz-4.2GHz Turbo, 8-Thread, 8MB Cache, 16GB RAM, 256GB PCIe SSD, 28 W. Intelle. ® Iris™ Xe Graphics, NUC11PAHi5",749.99,B0B1MN8LXD,70.00,5.0,2,21,False,True,Intel,Windows,256,16
Lenovo ThinkCentre M93p USDT Tiny Quad Core i5-4590T 256GB SSD Festplatte 8GB Speicher Win 10 Pro WiFi Mini PC Desktop Computer (Generalüberholt),168.00,B0859KTJLC,0,4.2,840,3,False,False,Lenovo,Windows,256,unknown
"Intel NUC 11 Pro UCFF Black i3-1115G4, BNUC11TNKI30002",342.99,B08YFCN562,0,4.0,5,-1,False,False,Intel,unknown,unknown,unknown
"GEEKOM Mini IT8 i5-8279U (up to 4.1 GHz) Mini PC, Windows 11 Pro Mini PC, 16 GB DDR4 RAM 512 GB SSD Mini Desktop PC, Mini Computer 4K @ 60Hz | Supports 4 Displays | 2.4/5GWiFi | BT Home/B. Office small PC",499.99,B0B1DV81FY,70.00,4.6,157,21,False,False,GEEKOM,Windows,512,16
Mini PC NUC - 10th Gen - Core i3 10110U - 8GB RAM - 500GB SSD - USB 3 - Windows 10 Pro,639.00,B07RQRFL8C,0,5.0,3,13,False,False,unknown,Windows,500,8
"Intel NUC, NUC 10 i5, Intel® Core™ i5-10210U Mini PC, NUC10i5FNHN Barebone, up to 4.2 GHz, 4 cores, 8 threads, no OS",529.99,B0B1MN8WX5,0,4.8,8,21,False,True,Intel,no OS,unknown,unknown
"Mini PC Windows 11 Pro with Intel Core i5-11320H Desktop PC Minisforum DeskMini TH50 16GB RAM 512G PCle SSD Mini Computer, Triple HDMI/USB 4 / Display Video Output, Dual LAN 2.5G Micro PC",579.99,B09WPF187D,60.00,4.1,46,9,False,False,Intel,Windows,unknown,16
ASRock NUC BOX-1260P CPU Intel 12th Gen,865.52,B0B8SVMK38,0,-1,0,13,False,False,Intel,unknown,unknown,unknown
Mini PC Intel NUC - i7 Intel Core - 16GB RAM - 500GB SSD - Windows 10 Pro,-1,B07RZTFP96,0,4.7,27,-1,False,False,Intel,Windows,500,16
Intel NUC/Kit NUC10i5FNH w/EU Cable,499.00,B087RRHQDW,0,4.5,66,-1,False,False,Intel,unknown,unknown,unknown
"Intel i7 4770 8-Thread 3.90 GHz Business Office Multimedia Computer with 3 Year Warranty! | i7 4770 8-Threads, 3.9 GHz | 16GB DDR3 | 512 GB SSD | DVD±RW | USB 3.0 | Windodows ws 11 P. Ref. 64-bit | #7052",333.00,B0B88JSMK1,0,4.3,256,13,False,False,Intel,Windows,512,unknown
"MINISFORUM Mini PC 8GB DDR4 256GB SSD with Celeron Processor J4125 Quad-Core (up to 2.7GHz) 4 x USB 3.0 Ports 2 x Gigabit Ethernet Support HDD, 4K @ 60Hz HDMI, DisplayPort Dual Band WiFi Fi BT 4. 2",229.99,B089CNZL8S,0,4.5,574,8,False,True,MINIS FORUM,unknown,256,8
"RICOO Thin Client Mount TRH-01 Mount Compatible with Intel NUC &amp; Mini PC, Computer Mount for Monitor Mount Screen Stand or Under Desk Mount VESA 75x75 100x100 Black",-1,B083WJSJ7D,0,4.3,13,-1,False,False,Intel,unknown,unknown,unknown
Intel NUC 11 Pro UCFF Black i5-1135G7,505.20,B08YFFW131,0,4.8,7,9,False,False,Intel,unknown,unknown,unknown
"MINISFORUM HM60 Mini PC AMD Ryzen 5 4600H DDR4 16GB RAM 512GB PCle SSD Mini Desktop Computer Radeon Vega Graphics HDMI DisplayPort USB-C 4K @ 60Hz 2X RJ45-LAN, 4X USB 3.0 Ports 2 x 2.5. Inch HDD ports",549.99,B09NRDL1MP,80.00,4.4,222,9,False,False,MINIS FORUM,unknown,512,16
Fujitsu Esprimo Q920 0-Watt Intel Core i5 240GB SSD Hard Drive 8GB Memory Windows 10 Pro Business Desktop Computer Mini PC (Refurbished),192.03,B0854LM164,0,4.2,303,8,False,False,Intel,Windows,240,unknown
"MINIS FORUM JB95 Mini PC, Intel Celeron Silver N5095 Processor Quad-Core CPU 8 GB / 128GB SSD Mini Desktop Computer with Windows 10, HDMI/DP/USB C Connector, USB 3.0×2, USB 3.1×2",239.00,B089CZ4QC6,34.00,4.2,358,8,False,True,Intel,Windows,128,unknown
HP Elite 8100 - Intel Core i3-530 | 4GB DDR3 | 120GB SSD | DisplayPort | Windows 10 Multi-Language - Desktop PC (Refurbished),95.00,B00D83BL40,0,4.5,2,10,False,False,Intel,Windows,120,unknown
Intel Barb NUC BNUC11TNKV50002 Black,514.83,B08YFFT5GH,0,5.0,1,21,False,False,Intel,unknown,unknown,unknown
Intel NUC 11 Pro Kit NUC11TNHi3 - Tall - Tiger Canyon BNUC11TNHI30002,366.49,B08YFFBX7D,0,2.4,3,13,False,False,Intel,unknown,unknown,unknown
"Mini PC I5 Intel i5-8279U Mini PC Windows 11 Pro with 8G DDR4 256G M.2 NVMe SSD, Mini-PC 4K Dual HDMI, Mini Computer Zoom, GTA Online, LOL, CS GO, Photoshop",379.00,B09PNCKQPD,0,4.3,36,8,False,True,Intel,Windows,256,8
"Intel NUC 11 Essential Windows 11, Atlas Canyon Celeron N5105, 4 Cores, 4 Threads, 2.9 GHz, 4MB Level 3 Cache, 46W TDP, Intel UHD Graphics",309.99,B0B8HWXN8F,30.00,4.4,14,8,False,True,Intel,Windows,unknown,unknown
"Intel NUC, NUC 11 Pro Windows 10 Pro Desktop Mini PC, Intel® Core i5-1135G7 4-Core, 2.4GHz-4.2GHz Turbo, 8-Thread, 8MB Cache, 16GB RAM, 256GB PCIe SSD, 28 W. Intelle. ® Iris™ Xe Graphics, NUC11PAHi5",749.99,B0B1MN8LXD,70.00,5.0,2,21,False,True,Intel,Windows,256,16
"MINIS FORUM Fanless Mini PC, Windows 10, 4 GB DDR4 / 64 GB, eMMC Intel Celoren N4020 processor, mini desktop computer, HDMI and VGA connection, Dual Band Wi-Fi 2.4+5.0 G, BT, USB 3.0 * 3",159.00,B07PS1KVD1,20.00,4.2,877,8,False,False,Intel,Windows,unknown,4
"Mini PC Intel Core i5-11320H Con processore Quad-core da 16 GB DDR4 / 512 GB SSD Mini PC Desktop Con Windows 11 pro, HDMI, DP e USB 4, WiFi Dual Band, BT, USB 3.1 x 4",579.00,B09ZTTT48C,80.00,4.5,270,9,False,False,Intel,Windows,512,16
"Gigabyte GB-BACE-3000 (rev. 1.0) BGA 1170 1.04GHz N3000 0.69L Mini PC Black - Barebones PC/Workstation PC (BGA 1170, Intel® Celeron® 1.04GHz, N3000, 14n) m)",69.99,B01BLVFQF0,0,3.1,15,13,False,False,Intel,no OS,unknown,unknown
"Mini PC Windows 11 Pro, MINIS FORUM UM350 16GB DDR4 / 256GB SSD AMD Ryzen 5 3550H Processor Mini Desktop Computer, HDMI-DP USB C Port, Radeon Vega 8 Graphics, USB 3.1",404.00,B09R78KTLC,30.00,4.3,105,9,False,False,MINIS FORUM,Windows,256,16
"Intel NUC, NUC 10 i5, Intel® Core™ i5-10210U Mini PC, NUC10i5FNHN Barebone, up to 4.2 GHz, 4 cores, 8 threads, no OS",529.99,B0B1MN8WX5,0,4.8,8,21,False,True,Intel,no OS,unknown,unknown
"Mini PC Windows 10 Home 6GB RAM 64GB SSD, Mini Desktop Computer Dual-core Intel Celeron N3350 CPU (Up to 2.4GHz), Micro Computer AWOW TX33 Micro PC Support M.2 SATA SSD/Dual Wi-Fi/BT 4.2 / HDMI /VGA",121.19,B086VZD6L4,10.00,3.9,104,8,False,False,Intel,Windows,64,6
"Mini PC with built-in speaker, fingerprint login, Windows 11 Pro, 16 GB RAM, 512 GB SSD, Core i5-1135G7, Intel Iris Xe Graphics 8K UHD, Thunderbolt, WiFi6, BT5.2",589.99,B09VFSFW2Z,100.00,4.6,27,9,False,False,Intel,Windows,512,16
"Mini PC, i5-8259U Windows 11 Pro Mini PC, 16GB DDR4 RAM 512GB SSD Mini Desktop PC, GEEKOM Mini IT8 Small PC, Mini Computer 4K @ 60Hz | Supports 4 Displays | Vesa Holder | 2.4/5G WiFi for Office",519.99,B09TKMYBBF,50.00,4.5,247,9,False,False,GEEKOM,Windows,512,16
HP ProDesk 400 G6 - Mini Desktop - Core i7 10700T 2 GHz - 16 GB - SSD 512 GB - German,946.08,B08V398WHR,0,5.0,4,-1,False,False,HP,unknown,unknown,unknown
"Mini PC Windows 11 Pro with Intel Core i5-11320H Desktop PC Minisforum DeskMini TH50 16GB RAM 512G PCle SSD Mini Computer, Triple HDMI/USB 4 / Display Video Output, Dual LAN 2.5G Micro PC",579.99,B09WPF187D,60.00,4.1,46,9,False,False,Intel,Windows,unknown,16
"MINISFORUM Mini PC 8GB DDR4 256GB SSD with Celeron Processor J4125 Quad-Core (up to 2.7GHz) 4 x USB 3.0 Ports 2 x Gigabit Ethernet Support HDD, 4K @ 60Hz HDMI, DisplayPort Dual Band WiFi Fi BT 4. 2",229.99,B089CNZL8S,0,4.5,574,8,False,True,MINIS FORUM,unknown,256,8
"Mini PC Fanless Intel Celeron N4000 (up to 2.6 GHz) 4GB DDR4/64GB eMMC Mini Desktop Computer Windows 10 HDMI And VGA Connection 2.4/5.8G WiFi BT4.2 3xUSB 3.0 Support Linux, M.2 2242 SSD",159.99,B082VVHXK6,10.00,4.2,418,8,False,False,Intel,Windows,unknown,4
"Mini PC Windows 11 Pro, Intel Celeron J4125 with 8GB DDR4/NVMe M.2 128GB SSD 4K@60Hz, AWOW AK41 Desktop Computer Dual HDMI, Advanced SSD 2TB, 2.4G/5G Dual WiFi, Gigabit Eth. ernet, USB*. 4, BT 4.2",195.40,B09QFSVDKJ,0,4.3,51,8,False,False,Intel,Windows,128,8
"CHUWI Mini PC Herobox, Intel Celeron J4125 Mini Gaming PC, 8GB RAM 256GB SSD Mini Desktop Computer with Windows 10 OS, Quad Core 64-Bit, 2.4G/5G Dual WiFi, 1.1GHz to 2.4GHz, Type-C HDMI and VGA",219.00,B089F5SJJM,50.00,4.2,772,24,False,False,Intel,Windows,256,8
Intel NUC/Kit NUC10i5FNH w/EU Cable,499.00,B087RRHQDW,0,4.5,66,-1,False,False,Intel,unknown,unknown,unknown
"MINIS FORUM JB95 Mini PC, Intel Celeron Silver N5095 Processor Quad-Core CPU 8 GB / 128GB SSD Mini Desktop Computer with Windows 10, HDMI/DP/USB C Connector, USB 3.0×2, USB 3.1×2",239.00,B089CZ4QC6,34.00,4.2,358,8,False,True,Intel,Windows,128,unknown
Lenovo ThinkCentre M93p Tiny USDT Intel Core i5 512GB SSD Hard Drive 16GB Memory Windows 10 Pro MAR Includes Wi-Fi Business Desktop Computer Mini PC,299.00,B093JN5PHY,0,3.8,63,3,False,False,Intel,Windows,512,unknown
"Intel i7 4770 8-Thread 3.90 GHz Business Office Multimedia Computer with 3 Year Warranty! | i7 4770 8-Threads, 3.9 GHz | 16GB DDR3 | 512 GB SSD | DVD±RW | USB 3.0 | Windodows ws 11 P. Ref. 64-bit | #7052",333.00,B0B88JSMK1,0,4.3,256,13,False,False,Intel,Windows,512,unknown
"MINIS FORUM HM90 Mini PC, AMD Ryzen 9 4900H Processor 8 Cores CPU 32 GB DDR4 / 512 GB SSD Mini Desktop Computer with Windows 11 Pro, HDMI/DP/USB-C Port, WiFi 6, BT 5.1, USB 3.0 × 4",769.00,B09V74G74D,0,4.5,107,24,False,False,MINIS FORUM,Windows,512,32
"Mini PC I5 Intel i5-8279U Mini PC Windows 11 Pro with 8G DDR4 256G M.2 NVMe SSD, Mini-PC 4K Dual HDMI, Mini Computer Zoom, GTA Online, LOL, CS GO, Photoshop",379.00,B09PNCKQPD,0,4.3,36,8,False,True,Intel,Windows,256,8
"GEEKOM Mini IT8 i5-8279U (up to 4.1 GHz) Mini PC, Windows 11 Pro Mini PC, 16 GB DDR4 RAM 512 GB SSD Mini Desktop PC, Mini Computer 4K @ 60Hz | Supports 4 Displays | 2.4/5GWiFi | BT Home/B. Office small PC",499.99,B0B1DV81FY,70.00,4.6,157,21,False,True,GEEKOM,Windows,512,16
"Intel NUC 11 Essential Windows 11, Atlas Canyon Celeron N5105, 4 Cores, 4 Threads, 2.9 GHz, 4MB Level 3 Cache, 46W TDP, Intel UHD Graphics",309.99,B0B8HWXN8F,30.00,4.4,14,8,False,True,Intel,Windows,unknown,unknown
"Mini PC, Intel Celeron J3455 6GB LPDDR4, 128GB M.2 SATA SSD, Mini Desktop Computer, AWOW Micro PC, Windows 10, 4K HD, Dual HDMI 1.4, Dual WiFi",175.99,B094DHSHWS,10.00,3.9,45,8,False,False,Intel,Windows,128,
"Mini PC with built-in speaker, fingerprint login, Windows 11 Pro, 16 GB RAM, 512 GB SSD, Core i5-1135G7, Intel Iris Xe Graphics 8K UHD, Thunderbolt, WiFi6, BT5.2",589.99,B09VFSFW2Z,100.00,4.6,27,9,False,False,Intel,Windows,512,16
"MINIS FORUM Fanless Mini PC, Windows 10, 4 GB DDR4 / 64 GB, eMMC Intel Celoren N4020 processor, mini desktop computer, HDMI and VGA connection, Dual Band Wi-Fi 2.4+5.0 G, BT, USB 3.0 * 3",159.00,B07PS1KVD1,20.00,4.2,877,8,False,False,Intel,Windows,unknown,4
"Mini PC Windows 10 Pro, Intel Celeron J4125 with 8GB DDR4/NVMe M.2 128GB SSD 4K@60Hz, AWOW AK41 Desktop Computer Dual HDMI, Advanced SSD 2TB, 2.4G/5G Dual WiFi, Gigabit Eth. ernet, USB*. 4. BT 5.0",155.22,B087MB58VR,0,4.2,615,8,False,False,Intel,Windows,128,8
"MINISFORUM Mini PC 8GB DDR4 256GB SSD with Celeron Processor J4125 Quad-Core (up to 2.7GHz) 4 x USB 3.0 Ports 2 x Gigabit Ethernet Support HDD, 4K @ 60Hz HDMI, DisplayPort Dual Band WiFi Fi BT 4. 2",229.99,B089CNZL8S,0,4.5,574,8,False,True,MINIS FORUM,unknown,256,8
"Mini PC Windows 11 Pro, MINIS FORUM UM350 16GB DDR4 / 256GB SSD AMD Ryzen 5 3550H Processor Mini Desktop Computer, HDMI-DP USB C Port, Radeon Vega 8 Graphics, USB 3.1",404.00,B09R78KTLC,30.00,4.3,105,9,False,False,MINIS FORUM,Windows,256,16
"Akasa Turing PC Fanless Case for Intel 8th Gen NUC (Bean Canyon), Passive CPU Cooling, Pure Aluminium Heatsink, Supports 2.5 Inch SATA HDD/SSD, A-NUC45-M1B",135.00,B07RTBF1SY,0,4.6,117,8,False,False,Intel,unknown,unknown,unknown
Gigabyte Brix 3160 GB BACE Desktop Computer,135.48,B01M18SF5A,0,4.1,32,8,False,False,GIGABYTE,unknown,unknown,unknown
"Mini PC Intel I7-10810U (up to 4.9 GHz), Bkouen Mini Computers Windows 11 Pro for Gaming, 6 Cores 12 Threads, 16GB DDR4 512GB M.2 SSD, 2.5&quot; SATA, WiFi 6, BT5.2 For under-ground Study",699.99,B0BC6FND84,120.00,4.5,55,21,False,False,Intel,Windows,512,16
"Mini PC Windows 11 Pro, Intel Celeron N5105 2.9GHz 16GB DDR4 512GB SSD M.2 Micro Desktop Computer, 4K UHD, WLAN, BT4.2, Gigabit Ethernet, HDMI X 2 for Business, Home Cinema",339.41,B0BCNMP3CX,80.00,4.7,43,8,False,False,Intel,Windows,512,16
"Intel NUC, NUC 10 i5, Intel® Core™ i5-10210U Mini PC, NUC10i5FNHN Barebone, up to 4.2 GHz, 4 cores, 8 threads, no OS",529.99,B0B1MN8WX5,0,4.8,8,21,False,True,Intel,no OS,unknown,unknown
"Corsair ONE i300 Compact Gaming PC (Intel Core i9-12900K CPU, NVIDIA GeForce RTX 3080 Graphics Card, 32GB CORSAIR Vengeance DDR5 Memory, Thunderbolt 4, Windows 11 Pro) Black","4,099.99",B09QMG89VL,0,4.2,3,9,False,False,Intel,Windows,unknown,unknown
"Mini PC I5 Intel i5-8279U Mini PC Windows 11 Pro with 8G DDR4 256G M.2 NVMe SSD, Mini-PC 4K Dual HDMI, Mini Computer Zoom, GTA Online, LOL, CS GO, Photoshop",379.00,B09PNCKQPD,0,4.3,36,8,False,False,Intel,Windows,256,8
"CHUWI Mini PC Herobox, Intel Celeron J4125 Mini Gaming PC, 8GB RAM 256GB SSD Mini Desktop Computer with Windows 10 OS, Quad Core 64-Bit, 2.4G/5G Dual WiFi, 1.1GHz to 2.4GHz, Type-C HDMI and VGA",219.00,B089F5SJJM,50.00,4.2,772,24,False,False,Intel,Windows,256,8
"Mini PC Windows 10 Home 6GB RAM 64GB SSD, Mini Desktop Computer Dual-core Intel Celeron N3350 CPU (Up to 2.4GHz), Micro Computer AWOW TX33 Micro PC Support M.2 SATA SSD/Dual Wi-Fi/BT 4.2 / HDMI /VGA",121.19,B086VZD6L4,10.00,3.9,104,8,False,False,Intel,Windows,64,6
"Intel NUC, NUC 11 Pro Windows 10 Pro Desktop Mini PC, Intel® Core i5-1135G7 4-Core, 2.4GHz-4.2GHz Turbo, 8-Thread, 8MB Cache, 16GB RAM, 256GB PCIe SSD, 28 W. Intelle. ® Iris™ Xe Graphics, NUC11PAHi5",749.99,B0B1MN8LXD,70.00,5.0,2,21,False,True,Intel,Windows,256,16
Fujitsu Esprimo Q920 0-Watt Intel Core i5 512GB SSD Hard Drive 16GB Memory Win 10 Pro Desktop Computer Mini PC (Certified and Refurbished),-1,B088X3KCT2,0,3.5,30,-1,False,False,Intel,Windows,512,unknown
"HISTTON Mini PC with Dual Core NUC i5 4200U with Windows 10 Desktop Computer, 16GB RAM, 256GB SSD, 6 RS232 COM, 2 LAN, HDMI, VGA, WLAN, Industrial PC",484.00,B08CKTZG6L,0,4.3,62,27,False,False,HISTTON,Windows,256,16
Lenovo ThinkCentre M93p Tiny USDT Intel Core i5 512GB SSD Hard Drive 16GB Memory Windows 10 Pro MAR Includes Wi-Fi Business Desktop Computer Mini PC,299.00,B093JN5PHY,0,3.8,63,3,False,False,Intel,Windows,512,unknown
"CHUWI Mini PC LarkBox X, AMD Ryzen™7 3750H Processor up to 4GHz, 8GB DDR4 256GB SSD Mini Desktop Computer with Windows 11 OS, HDMI, DP and Type-C Connection, RJ45-LAN, WiFi 6, BT5.2, M.2 Plug Space, USB 3. 1 x 4",399.00,B00OKAHH8O,30.00,4.3,254,8,False,True,Chuwi,Windows,256,8
"Intel NUC 11 Essential Windows 11, Atlas Canyon Celeron N5105, 4 Cores, 4 Threads, 2.9 GHz, 4MB Level 3 Cache, 46W TDP, Intel UHD Graphics",309.99,B0B8HWXN8F,30.00,4.4,14,8,False,True,Intel,Windows,unknown,unknown
"Intel NUC, NUC 11 Pro Windows 10 Pro Desktop Mini PC, Intel® Core i5-1135G7 4-Core, 2.4GHz-4.2GHz Turbo, 8-Thread, 8MB Cache, 16GB RAM, 256GB PCIe SSD, 28 W. Intelle. ® Iris™ Xe Graphics, NUC11PAHi5",749.99,B0B1MN8LXD,70.00,5.0,2,21,False,True,Intel,Windows,256,16
"MINIS FORUM JB95 Mini PC, Intel Celeron Silver N5095 Processor Quad-Core CPU 8 GB / 128GB SSD Mini Desktop Computer with Windows 10, HDMI/DP/USB C Connector, USB 3.0×2, USB 3.1×2",239.00,B089CZ4QC6,34.00,4.2,358,8,False,False,Intel,Windows,128,unknown
INTEL NUC Barebone BOXNUC7CJYHN No Cord,157.32,B093Z554FZ,0,5.0,1,16,False,False,Intel,no OS,unknown,unknown
"Intel® NUC M15 Laptop Kit (BBC510BCG7A02) (Core™ i5-1135G7; 8GB LPDDR4x; without Hard Drive, without OS), Black","1,125.31",B08YDYCRV1,0,-1,0,24,False,False,Intel,unknown,unknown,unknown
Mini PC - NUC 11H Pro - Core i5 1135G7 - RAM: 16GB - SSD: 250GB - USB 3 - Windows 11 Pro,759.00,B07S3F9TV2,0,4.6,6,13,False,False,unknown,Windows,250,
"Intel NUC, NUC 10 i5, Intel® Core™ i5-10210U Mini PC, NUC10i5FNHN Barebone, up to 4.2 GHz, 4 cores, 8 threads, no OS",529.99,B0B1MN8WX5,0,4.8,8,21,False,True,Intel,no OS,unknown,unknown
"MINIS FORUM Fanless Mini PC, Windows 10, 4 GB DDR4 / 64 GB, eMMC Intel Celoren N4020 processor, mini desktop computer, HDMI and VGA connection, Dual Band Wi-Fi 2.4+5.0 G, BT, USB 3.0 * 3",159.00,B07PS1KVD1,20.00,4.2,877,8,False,False,Intel,Windows,unknown,4
"Intel NUC 11 Pro NUC11TNHV50L Tiger Canyon Home &amp; Business Mini PC Mini Desktop Dual LAN Intel Core i5-1145G7 11th Generation Processor with Intel vPro Technology, 4 Cores, 8 Threads (NO RAM SSD)",769.00,B09YLL93MS,120.00,-1,0,21,False,False,Intel,unknown,unknown,unknown
"Mini PC Intel Core i5-11320H Con processore Quad-core da 16 GB DDR4 / 512 GB SSD Mini PC Desktop Con Windows 11 pro, HDMI, DP e USB 4, WiFi Dual Band, BT, USB 3.1 x 4",579.00,B09ZTTT48C,80.00,4.5,270,9,False,False,Intel,Windows,512,16
"Gigabyte GB-BACE-3000 (rev. 1.0) BGA 1170 1.04GHz N3000 0.69L Mini PC Black - Barebones PC/Workstation PC (BGA 1170, Intel® Celeron® 1.04GHz, N3000, 14n) m)",69.99,B01BLVFQF0,0,3.1,15,13,False,False,Intel,no OS,unknown,unknown
"NUC 11 Pro NUC11PAHi5 Home &amp; Business Desktop Mini PC, Intel® Core™ i5-1135G7 4-Core, 2.4GHz-4.2GHz Turbo, 8 Thread, 8MB Cache, 8GB RAM, 256GB PCIe , 28 W I. ntel® Iris™ X Graphics, Win 10 Pro",-1,B09KNJZ8TV,0,5.0,2,-1,False,False,Intel,Windows,unknown,8
"CHUWI Mini PC LarkBox X, AMD Ryzen™7 3750H Processor up to 4GHz, 8GB DDR4 256GB SSD Mini Desktop Computer with Windows 11 OS, HDMI, DP and Type-C Connection, RJ45-LAN, WiFi 6, BT5.2, M.2 Plug Space, USB 3. 1 x 4",399.00,B00OKAHH8O,30.00,4.3,254,8,False,True,Chuwi,Windows,256,8
Akasa Newton PX Intel 8th Gen NUC (Provo Canyon) PC Fanless Case 100% Aluminium Heatsink CPU Cooling Supports 2.5 Inch SSD HDD and VESA Mounting A-NUC50-M1B,109.00,B086RB68XP,0,5.0,1,8,False,False,Intel,unknown,unknown,unknown
"Intel NUC, NUC11 Windows 10 Pro Desktop Mini PC, Intel® Core i5-1135G7 4-Core, 2.4 GHz - 4.2 GHz Turbo, 8 MB Cache, 16 GB RAM, 256 GB PCIe SSD 28 W Intel® W ris™ Xe Graphics NUC11PAHi5",-1,B09BKRPGGG,0,4.8,21,-1,False,False,Intel,Windows,256,16
"Mini PC Windows 10 Home 6GB RAM 64GB SSD, Mini Desktop Computer Dual-core Intel Celeron N3350 CPU (Up to 2.4GHz), Micro Computer AWOW TX33 Micro PC Support M.2 SATA SSD/Dual Wi-Fi/BT 4.2 / HDMI /VGA",121.19,B086VZD6L4,10.00,3.9,104,8,False,False,Intel,Windows,64,6
"Mini PC with built-in speaker, fingerprint login, Windows 11 Pro, 16 GB RAM, 512 GB SSD, Core i5-1135G7, Intel Iris Xe Graphics 8K UHD, Thunderbolt, WiFi6, BT5.2",589.99,B09VFSFW2Z,100.00,4.6,27,9,False,False,Intel,Windows,512,16
"MINISFORUM Mini PC 8GB DDR4 256GB SSD with Celeron Processor J4125 Quad-Core (up to 2.7GHz) 4 x USB 3.0 Ports 2 x Gigabit Ethernet Support HDD, 4K @ 60Hz HDMI, DisplayPort Dual Band WiFi Fi BT 4. 2",229.99,B089CNZL8S,0,4.5,574,8,False,True,MINIS FORUM,unknown,256,8
"Intel NUC Mini PC Intel Core i3-10110U [10th Gen.] - 32GB RAM - 1000GB SSD - HDMI, Thunderbolt, 3X USB 3.2 Type A, 2X USB 3.2 Type C, LAN - Win 10 Pro",599.00,B09BFM65SP,0,-1,0,14,False,False,Intel,Windows,1000,32
Mini PC Intel NUC - 10th Gen - Intel Core i7 10710U - 64GB RAM - 1000GB PCIe SSD - Windows 10 Pro,"1,148.23",B085CLCN9N,0,4.0,7,14,False,False,Intel,Windows,1000,64
Shuttle Shut BarBo XH310R BK H310,252.99,B07NVS9Y2R,0,4.8,3,8,False,False,Shuttle,unknown,unknown,unknown
"Mini PC I5-8279 Intel Core Mini PC W11 Pro with 16GB DDR4 500GB M.2 NVME SSD TRIGKEY S8 Mini Computer W11, Mini Desktop Gaming PC WiFi 5, Mini PC Gaming Suitable for Zoom, LOL, GTA Online",499.00,B09PNDV5MM,76.00,4.3,36,9,False,True,Intel,Windows,500,16
"Intel NUC 11 Essential Windows 11, Atlas Canyon Celeron N5105, 4 Cores, 4 Threads, 2.9 GHz, 4MB Level 3 Cache, 46W TDP, Intel UHD Graphics",309.99,B0B8HWXN8F,30.00,4.4,14,8,False,True,Intel,Windows,unknown,unknown
"CHUWI Mini PC LarkBox X, AMD Ryzen™7 3750H Processor up to 4GHz, 8GB DDR4 256GB SSD Mini Desktop Computer with Windows 11 OS, HDMI, DP and Type-C Connection, RJ45-LAN, WiFi 6, BT5.2, M.2 Plug Space, USB 3. 1 x 4",399.00,B00OKAHH8O,30.00,4.3,254,8,False,True,Chuwi,Windows,256,8
Akasa Newton PX Intel 8th Gen NUC (Provo Canyon) PC Fanless Case 100% Aluminium Heatsink CPU Cooling Supports 2.5 Inch SSD HDD and VESA Mounting A-NUC50-M1B,109.00,B086RB68XP,0,5.0,1,8,False,False,Intel,unknown,unknown,unknown
"MINISFORUM Mini PC UM250 AMD Ryzen up to 3.6 GHz, 16 GB DDR4 RAM 512 GB M.2 SSD Desktop Computer, Radeon Vega 8 Graphics, Dual WiFi 4K @ 60Hz HDMI/DisplayPort/USB-C, 4X USB 3.1|S Small form factor",409.90,B08R38SJWV,50.00,4.6,558,24,False,False,MINIS FORUM,unknown,512,16
"MINIS FORUM Fanless Mini PC, Windows 10, 4 GB DDR4 / 64 GB, eMMC Intel Celoren N4020 processor, mini desktop computer, HDMI and VGA connection, Dual Band Wi-Fi 2.4+5.0 G, BT, USB 3.0 * 3",159.00,B07PS1KVD1,20.00,4.2,877,8,False,False,Intel,Windows,unknown,4
"Intel® NUC M15 Laptop Kit (BBC510BCG7A02) (Core™ i5-1135G7; 8GB LPDDR4x; without Hard Drive, without OS), Black","1,125.31",B08YDYCRV1,0,-1,0,24,False,False,Intel,unknown,unknown,unknown
"Intel NUC, NUC 10 i5, Intel® Core™ i5-10210U Mini PC, NUC10i5FNHN Barebone, up to 4.2 GHz, 4 cores, 8 threads, no OS",529.99,B0B1MN8WX5,0,4.8,8,21,False,True,Intel,no OS,unknown,unknown
"Akasa Turing PC Fanless Case for Intel 8th Gen NUC (Bean Canyon), Passive CPU Cooling, Pure Aluminium Heatsink, Supports 2.5 Inch SATA HDD/SSD, A-NUC45-M1B",135.00,B07RTBF1SY,0,4.6,117,8,False,False,Intel,unknown,unknown,unknown
INTEL NUC Barebone BOXNUC7CJYHN No Cord,157.32,B093Z554FZ,0,5.0,1,16,False,False,Intel,no OS,unknown,unknown
INTEL NUC Barebone BXNUC10I7FNHN2 EUCord,-1,B093Z5S3FS,0,2.6,3,-1,False,False,Intel,no OS,unknown,unknown
Mini PC - NUC 11H Pro - Core i5 1135G7 - RAM: 16GB - SSD: 250GB - USB 3 - Windows 11 Pro,759.00,B07S3F9TV2,0,4.6,6,13,False,False,unknown,Windows,250,
"Intel NUC Mini PC Intel Core i3-10110U [10th Gen.] - 8 GB RAM - 512 GB SSD - HDMI, Thunderbolt, 3x USB 3.2 Type A, 2x USB 3.2 Type C, LAN - Win 10 Pro + G-Data Antivirus",-1,B09BFK4R3G,0,-1,0,-1,False,False,Intel,Windows,512,8
"Intel NUC, NUC 11 Pro Windows 10 Pro Desktop Mini PC, Intel® Core i5-1135G7 4-Core, 2.4GHz-4.2GHz Turbo, 8-Thread, 8MB Cache, 16GB RAM, 256GB PCIe SSD, 28 W. Intelle. ® Iris™ Xe Graphics, NUC11PAHi5",749.99,B0B1MN8LXD,70.00,5.0,2,21,False,True,Intel,Windows,256,16
INTEL NUC Barebone BXNUC10I7FNHN Cable Free,529.90,B093Z54WX8,0,5.0,2,27,False,False,Intel,no OS,unknown,unknown
Intel Canyon NUC10I3FNHN EU Barebone L6 EU Cord BXNUC10I3FNHN2,347.58,B093YNST5R,0,-1,0,8,False,False,Intel,no OS,unknown,unknown
Mini PC Intel NUC - 10th Gen - Intel Core i3 10110U - 32GB RAM - 1000GB SSD - Windows 10 Pro - Office 2019 Pro,889.00,B08SJ5XS7H,0,5.0,2,13,False,False,Intel,Windows,1000,32
"RICOO Thin Client Mount TRH-01 Mount Compatible with Intel NUC &amp; Mini PC, Computer Mount for Monitor Mount Screen Stand or Under Desk Mount VESA 75x75 100x100 Black",-1,B083WJSJ7D,0,4.3,13,-1,False,False,Intel,unknown,unknown,unknown
"Mini PC I5-8279 Intel Core Mini PC W11 Pro with 16GB DDR4 500GB M.2 NVME SSD TRIGKEY S8 Mini Computer W11, Mini Desktop Gaming PC WiFi 5, Mini PC Gaming Suitable for Zoom, LOL, GTA Online",499.00,B09PNDV5MM,76.00,4.3,36,9,False,True,Intel,Windows,500,16
"CHUWI Mini PC Herobox, Intel Celeron J4125 Mini Gaming PC, 8GB RAM 256GB SSD Mini Desktop Computer with Windows 10 OS, Quad Core 64-Bit, 2.4G/5G Dual WiFi, 1.1GHz to 2.4GHz, Type-C HDMI and VGA",219.00,B089F5SJJM,50.00,4.2,772,24,False,False,Intel,Windows,256,8
"Akasa Newton CTN, Aluminium Fanless Housing for Intel 11th NUC Core™ i3 (Tiger Canyon), Compact 1.06L, Supports M.2 SSD and VESA Mounting, A-NUC75-M1B",98.80,B09NBDL3XX,0,5.0,2,8,False,False,Intel,unknown,unknown,unknown
"Intel NUC Mini PC Intel Core i3-10110U [10th Gen.] - 32GB RAM - 1000GB SSD - HDMI, Thunderbolt, 3X USB 3.2 Type A, 2X USB 3.2 Type C, LAN - Win 10 Pro",599.00,B09BFM65SP,0,-1,0,14,False,False,Intel,Windows,1000,32
"MINISFORUM Mini PC 8GB DDR4 256GB SSD with Celeron Processor J4125 Quad-Core (up to 2.7GHz) 4 x USB 3.0 Ports 2 x Gigabit Ethernet Support HDD, 4K @ 60Hz HDMI, DisplayPort Dual Band WiFi Fi BT 4. 2",229.99,B089CNZL8S,0,4.5,574,8,False,True,MINIS FORUM,unknown,256,8
"Intel NUC 11 Essential Windows 11, Atlas Canyon Celeron N5105, 4 Cores, 4 Threads, 2.9 GHz, 4MB Level 3 Cache, 46W TDP, Intel UHD Graphics",309.99,B0B8HWXN8F,30.00,4.4,14,8,False,True,Intel,Windows,unknown,unknown
"CHUWI Mini PC LarkBox X, AMD Ryzen™7 3750H Processor up to 4GHz, 8GB DDR4 256GB SSD Mini Desktop Computer with Windows 11 OS, HDMI, DP and Type-C Connection, RJ45-LAN, WiFi 6, BT5.2, M.2 Plug Space, USB 3. 1 x 4",399.00,B00OKAHH8O,30.00,4.3,254,8,False,True,Chuwi,Windows,256,8
"Mini PC, Intel Celeron Processor J4125 Quad-Core CPU 8 GB DDR / 256 GB SSD Mini Desktop Computer with Windows 10, HDMI and DP Port, Dual Band WiFi 2.4 + 5.8 G, BT 4.2, 4 x USB 3.0",194.21,B09YR3B3LW,0,4.0,62,8,False,False,Intel,Windows,256,unknown
Fujitsu Esprimo Q920 Mini-PC 0-Watt Intel Core i5 240GB SSD (NEU) Festplatte 8GB Speicher Win 10 Pro S26361-K1011-V500 Computer (Generalüberholt),169.00,B00EUUB2RQ,0,4.4,89,3,False,False,Intel,Windows,240,unknown
"Intel Nuc Mini Complete PC, Intel Hexa Core i7 6 x 4.70 GHz, 16 GB RAM, 256 GB SSD, USB 3.1, HDMI, Intel UHD Graphics, 4K Resolution, Windows 10 Pro",865.98,B0892PZKLX,0,4.3,33,14,False,False,Intel,Windows,256,16
Mini PC Intel NUC - 10th Gen - Intel Core i7 10710U - 64GB RAM - 1000GB PCIe SSD - Windows 10 Pro - Office 2019 Pro,"1,226.41",B085D9BDT2,0,4.1,3,14,False,False,Intel,Windows,1000,64
"Intel NUC, NUC 10 i5, Intel® Core™ i5-10210U Mini PC, NUC10i5FNHN Barebone, up to 4.2 GHz, 4 cores, 8 threads, no OS",529.99,B0B1MN8WX5,0,4.8,8,21,False,True,Intel,no OS,unknown,unknown
"Intel® NUC 11 Essential Celeron® N5105 Atlas Canyon NUC11ATKC4 Mini PC 2.0 GHz - 2.9 GHz Burst, 4 Core, 4 Thread, 15W Intel® UHD Graphics, 450-800 MHz Burst. (8G RAM) 2) 56G SSD)",-1,B0B9CGCK3H,0,-1,0,-1,False,False,Intel,unknown,unknown,8
"Mini PC Fanless Intel Celeron N4000 (up to 2.6 GHz) 4GB DDR4/64GB eMMC Mini Desktop Computer Windows 10 HDMI And VGA Connection 2.4/5.8G WiFi BT4.2 3xUSB 3.0 Support Linux, M.2 2242 SSD",159.99,B082VVHXK6,10.00,4.2,418,8,False,False,Intel,Windows,unknown,4
Intel NUC 8 Rugged Kit NUC8CCHKRN2 EUCor,249.62,B093Z4P8G6,0,-1,0,13,False,False,Intel,unknown,unknown,unknown
"Intel NUC, NUC11 Windows 10 Pro Desktop Mini PC, Intel® Core i5-1135G7 4-Core, 2.4 GHz - 4.2 GHz Turbo, 8 MB Cache, 16 GB RAM, 256 GB PCIe SSD 28 W Intel® W ris™ Xe Graphics NUC11PAHi5",-1,B09BKRPGGG,0,4.8,21,-1,False,False,Intel,Windows,256,16
Mini PC Intel NUC - 10th Gen - Intel Core i7 10710U - 64GB RAM - 1000GB PCIe SSD - Windows 10 Pro,"1,148.23",B085CLCN9N,0,4.0,7,14,False,False,Intel,Windows,1000,64
"Intel NUC, NUC 11 Pro Windows 10 Pro Desktop Mini PC, Intel® Core i5-1135G7 4-Core, 2.4GHz-4.2GHz Turbo, 8-Thread, 8MB Cache, 16GB RAM, 256GB PCIe SSD, 28 W. Intelle. ® Iris™ Xe Graphics, NUC11PAHi5",749.99,B0B1MN8LXD,70.00,5.0,2,21,False,True,Intel,Windows,256,16
Mini PC Core i5-8279U | 16GB DDR4 512GB PCIe SSD | Iris Plus Graphics 655 | 2.4G/5G Dual WiFi BT 5.1 | HDMI/Display/USB-C | 2X RJ45 | 4X USB 3.0 | Small Form Factor,489.99,B0919ZGR1R,40.00,4.5,366,21,False,False,unknown,unknown,512,16
Intel NUC10i3FNH NUC 10 Performance Mini PC - Intel Core i3 Processor,480.00,B083X6TBHB,0,4.1,14,-1,False,False,Intel,unknown,unknown,unknown
"Mini PC Intel Celeron J4005 2x2,0GHz 8GB RAM 120GB SSD Bluetooth 5.0 HDMI RJ-45 USB 3.0 Windows 10 Professional",197.82,B0811T2VF9,0,-1,0,14,False,False,Intel,Windows,120,8
Mini PC Intel NUC - Intel Pentium - 8GB RAM - 250GB SSD - Windows 10 Pro,263.35,B0816YRTB9,0,5.0,2,14,False,False,Intel,Windows,250,8
"MINISFORUM Mini PC 8GB DDR4 256GB SSD with Celeron Processor J4125 Quad-Core (up to 2.7GHz) 4 x USB 3.0 Ports 2 x Gigabit Ethernet Support HDD, 4K @ 60Hz HDMI, DisplayPort Dual Band WiFi Fi BT 4. 2",229.99,B089CNZL8S,0,4.5,574,8,False,True,MINIS FORUM,unknown,256,8
"Intel NUC Mini PC Intel Core i3-10110U [10th Gen.] - 16GB RAM - 512GB SSD - HDMI, Thunderbolt, 3X USB 3.2 Type A, 2X USB 3.2 Type C, LAN - Win 10 Pro",555.00,B09BFKYTS4,0,-1,0,14,False,False,Intel,Windows,512,16
Dilc – NUC,918.85,B073V4DM3K,0,4.1,16,9,False,False,DILC,unknown,unknown,unknown
"Mini PC Windows 10 Pro, SNUNMU Intel Celeron N3350 Mini Computer, 4GB DDR3 64GB eMMC Mini Desktop PC, Supports 4K HD, HDMI/VGA Port 3 Display, BT 4.2, Dual Brand WiFi for Home and Office",149.99,B09FP3GGWS,40.00,4.2,270,8,False,False,Intel,Windows,unknown,unknown
"Mini PC I5-8279 Intel Core Mini PC W11 Pro with 16GB DDR4 500GB M.2 NVME SSD TRIGKEY S8 Mini Computer W11, Mini Desktop Gaming PC WiFi 5, Mini PC Gaming Suitable for Zoom, LOL, GTA Online",499.00,B09PNDV5MM,76.00,4.3,36,9,False,True,Intel,Windows,500,16
"Intel NUC 11 Essential Windows 11, Atlas Canyon Celeron N5105, 4 Cores, 4 Threads, 2.9 GHz, 4MB Level 3 Cache, 46W TDP, Intel UHD Graphics",309.99,B0B8HWXN8F,30.00,4.4,14,8,False,True,Intel,Windows,unknown,unknown
"GEEKOM Mini IT8 i5-8279U (up to 4.1 GHz) Mini PC, Windows 11 Pro Mini PC, 16 GB DDR4 RAM 512 GB SSD Mini Desktop PC, Mini Computer 4K @ 60Hz | Supports 4 Displays | 2.4/5GWiFi | BT Home/B. Office small PC",499.99,B0B1DV81FY,70.00,4.6,157,21,False,True,GEEKOM,Windows,512,16
Intel Canyon NUC10I3FNHN EU Barebone L6 EU Cord BXNUC10I3FNHN2,347.58,B093YNST5R,0,-1,0,8,False,False,Intel,no OS,unknown,unknown
"WEIDIAN NUC Mini Computer with Windows 11 Pro, 8GB DDR4 256GB NVMe SSD, Core i5-8265U Mini PC Support Dual 4K HDMI DP Output, Dual LAN, Dual Band WiFi, 4USB 3.0, 4USB 2.0, Auto Power On",-1,B0891YDSR5,0,4.3,26,-1,False,False,WEIDIAN,Windows,256,8
Mini PC Intel NUC - 10th Gen - Intel Core i5 10210U - 64GB RAM - 2000GB SSD - Windows 10 Pro,-1,B08S7QVQWW,0,-1,0,-1,False,False,Intel,Windows,2000,64
Intel Barb NUC BNUC11TNHV50002,-1,B08YFDQFQ9,0,-1,0,-1,False,False,Intel,unknown,unknown,unknown
"Intel NUC, NUC 10 i5, Intel® Core™ i5-10210U Mini PC, NUC10i5FNHN Barebone, up to 4.2 GHz, 4 cores, 8 threads, no OS",529.99,B0B1MN8WX5,0,4.8,8,21,False,True,Intel,no OS,unknown,unknown
Akasa Newton S7 Black Computer PC Case – A NUC35 M1B,98.88,B0725DWZZW,0,4.3,18,8,False,False,AKASA,unknown,unknown,unknown
Intel NUC 11 RNUC11PAHI5000,487.00,B097MB4KXW,0,4.5,21,-1,False,False,Intel,unknown,unknown,unknown
"Mini PC Windows 11 Pro Core i7 1165G7, Dual HDMI Mini Desktop Computer, 4K @ 60Hz HTPC, Mini DP Output, USB-C Thundbolt 4.0, 1 LAN, WiFi, Bluetooth 5.1, 16GB RAM 1TB SSD",819.00,B09M7YH2NL,0,4.2,31,21,False,False,unknown,Windows,1024,16
HP EliteDesk 800 G1 USDT Intel Quad Core i5 256GB SSD Hard Drive 8GB Memory Windows 10 Pro MAR Wi-LAN DVD Burner Desktop Computer Mini PC (Refurbished),145.00,B08G1TVLTW,0,4.2,140,7,False,False,Intel,Windows,256,unknown
"Intel NUC, NUC 10 i7, Intel® Core™ i7-10710U Mini PC, NUC10i7FNKN Barebone, up to 4.7 GHz, 6 cores, 12 threads",-1,B09J2QR8VL,0,5.0,1,-1,False,False,Intel,no OS,unknown,unknown
"Intel NUC, NUC 11 Pro Windows 10 Pro Desktop Mini PC, Intel® Core i5-1135G7 4-Core, 2.4GHz-4.2GHz Turbo, 8-Thread, 8MB Cache, 16GB RAM, 256GB PCIe SSD, 28 W. Intelle. ® Iris™ Xe Graphics, NUC11PAHi5",749.99,B0B1MN8LXD,70.00,5.0,2,21,False,True,Intel,Windows,256,16
"WEIDIAN NUC Mini Computer, with Core i9-10880H 8C/16T Windows 11 Desktop Computer, 16GB DDR4+512GB NVMe SSD, HDMI2.0/DP 4K @60Hz Output, 2*USB2.0, 2*RJ45 LAN, 4*USB3.0 A Connection, WIFI6. BT5.2",-1,B09Q3663ZC,0,4.8,35,-1,False,False,WEIDIAN,Windows,512,16
INTEL NUC Barebone BOXNUC7CJYHN No Cord,157.32,B093Z554FZ,0,5.0,1,16,False,False,Intel,no OS,unknown,unknown
"Intel NUC Mini PC Intel Core i7-10710U [10th Gen.] - 32GB RAM - 1000GB SSD - HDMI, Thunderbolt, 3X USB 3.2 Type A, 2X USB 3.2 Type C, LAN - Win 10 Pro","1,215.60",B09BFSN8XB,0,-1,0,14,False,False,Intel,Windows,1000,32
"Mini PC, Intel Celeron J3455 6GB LPDDR4, 128GB M.2 SATA SSD, Mini Desktop Computer, AWOW Micro PC, Windows 10, 4K HD, Dual HDMI 1.4, Dual WiFi",175.99,B094DHSHWS,10.00,3.9,45,8,False,False,Intel,Windows,128,
"CHUWI Mini PC LarkBox X, AMD Ryzen™7 3750H Processor up to 4GHz, 8GB DDR4 256GB SSD Mini Desktop Computer with Windows 11 OS, HDMI, DP and Type-C Connection, RJ45-LAN, WiFi 6, BT5.2, M.2 Plug Space, USB 3. 1 x 4",399.00,B00OKAHH8O,30.00,4.3,254,8,False,True,Chuwi,Windows,256,8
Intel Barb NUC BOXNUC7PJYHN1 Computer Kit,172.63,B09NTNSBH2,0,-1,0,15,False,False,Intel,unknown,unknown,unknown
Mini PC - NUC 11H Pro - Core i5 1135G7 - RAM: 32GB - SSD: 250GB - USB 3 - Windows 11 Pro,829.00,B07RX55VDB,0,5.0,1,13,False,False,unknown,Windows,250,
Intel NUC Mini PC Intel Core i3-7100U 2x2.40GHz 16GB RAM 256GB SSD HDMI RJ-45 Mini DisplayPort Windows 10 Professional,522.00,B08B41PBVJ,0,-1,0,14,False,False,Intel,Windows,256,16
"Mini PC I3 Intel Core 8109U Mini PC with W11 Pro with 16GB DDR4 500GB SSD TRIGKEY Speed S Mini Computer Oficina W11 Pro, Dual HDMI 4K, WiFi 5, BT5.0, 4 x USB 3.0, Zoom, Ms Office. Netfilx",429.00,B09PNGVCVY,50.00,4.3,36,9,False,True,Intel,Windows,500,16
"Intel NUC 11 Essential Windows 11, Atlas Canyon Celeron N5105, 4 Cores, 4 Threads, 2.9 GHz, 4MB Level 3 Cache, 46W TDP, Intel UHD Graphics",309.99,B0B8HWXN8F,30.00,4.4,14,8,False,True,Intel,Windows,unknown,unknown
"Intel NUC, NUC 11 Pro Windows 10 Pro Desktop Mini PC, Intel® Core i5-1135G7 4-Core, 2.4GHz-4.2GHz Turbo, 8-Thread, 8MB Cache, 16GB RAM, 256GB PCIe SSD, 28 W. Intelle. ® Iris™ Xe Graphics, NUC11PAHi5",749.99,B0B1MN8LXD,70.00,5.0,2,21,False,True,Intel,Windows,256,16
Intel NUC Panther RNUC11PAHi30000 Core i3 Black,374.07,B085MJCDC9,0,1.0,1,8,False,False,Intel,unknown,unknown,unknown
"Mini PC with built-in speaker, fingerprint login, Windows 11 Pro, 16 GB RAM, 512 GB SSD, Core i5-1135G7, Intel Iris Xe Graphics 8K UHD, Thunderbolt, WiFi6, BT5.2",589.99,B09VFSFW2Z,100.00,4.6,27,9,False,False,Intel,Windows,512,16
Intel Tiger Canyon NUC11TNHI30L Barebone L6 Without Line - Black,387.96,B017ME4F3O,0,5.0,1,8,False,False,Intel,no OS,unknown,unknown
"Intel® NUC M15 Laptop Kit (BBC510BCG7A02) (Core™ i5-1135G7; 8GB LPDDR4x; without Hard Drive, without OS), Black","1,125.31",B08YDYCRV1,0,-1,0,24,False,False,Intel,unknown,unknown,unknown
"GEEKOM Mini IT8 i5-8279U (up to 4.1 GHz) Mini PC, Windows 11 Pro Mini PC, 16 GB DDR4 RAM 512 GB SSD Mini Desktop PC, Mini Computer 4K @ 60Hz | Supports 4 Displays | 2.4/5GWiFi | BT Home/B. Office small PC",499.99,B0B1DV81FY,70.00,4.6,157,21,False,True,GEEKOM,Windows,512,16
INTEL NUC 11 Pro Board BNUC11TNBI30000,348.46,B091CQ6YR9,0,-1,0,-1,False,False,Intel,unknown,unknown,unknown
Intel NUC BOXNUC6CAYH - Computer Mini PC CELERON J3455 HDMI / VGA / USB3 / M2 DDR3 GBE,"1,109.00",B01MSZTD8N,0,4.5,598,57,False,False,Intel,unknown,unknown,unknown
"MINIS FORUM Fanless Mini PC, Windows 10, 4 GB DDR4 / 64 GB, eMMC Intel Celoren N4020 processor, mini desktop computer, HDMI and VGA connection, Dual Band Wi-Fi 2.4+5.0 G, BT, USB 3.0 * 3",159.00,B07PS1KVD1,20.00,4.2,877,8,False,False,Intel,Windows,unknown,4
"Mini PC Windows 10 Pro, Intel Celeron J4125 with 8GB DDR4/NVMe M.2 128GB SSD 4K@60Hz, AWOW AK41 Desktop Computer Dual HDMI, Advanced SSD 2TB, 2.4G/5G Dual WiFi, Gigabit Eth. ernet, USB*. 4. BT 5.0",155.22,B087MB58VR,0,4.2,615,8,False,False,Intel,Windows,128,8
"Intel NUC BKNUC9VXQNX2 PC / Workstation Barebone (Intel Xeon E-2286M (16MB Cache, 2.4GHz), DDR4-SDRAM, SSD, Intel UHD Graphics, LAN, WLAN, Bluetooth) Black","1,829.69",B084K1SV45,0,4.2,5,15,False,False,Intel,no OS,unknown,unknown
"Intel NUC, NUC 10 i5, Intel® Core™ i5-10210U Mini PC, NUC10i5FNHN Barebone, up to 4.2 GHz, 4 cores, 8 threads, no OS",529.99,B0B1MN8WX5,0,4.8,8,21,False,True,Intel,no OS,unknown,unknown
Intel NUC Mini PC Intel Celeron J4005 2x2.0 GHz 4 GB RAM 120 GB SSD Bluetooth 5.0 HDMI RJ-45 USB 3.0 Windows 10 Professional +G-Data Antivirus,191.81,B0811XTTDN,0,-1,0,14,False,False,Intel,Windows,120,4
"Mini PC Windows 11 Pro, MINIS FORUM UM350 16GB DDR4 / 256GB SSD AMD Ryzen 5 3550H Processor Mini Desktop Computer, HDMI-DP USB C Port, Radeon Vega 8 Graphics, USB 3.1",404.00,B09R78KTLC,30.00,4.3,105,9,False,False,MINIS FORUM,Windows,256,16
"Akasa Turing PC Fanless Case for Intel 8th Gen NUC (Bean Canyon), Passive CPU Cooling, Pure Aluminium Heatsink, Supports 2.5 Inch SATA HDD/SSD, A-NUC45-M1B",135.00,B07RTBF1SY,0,4.6,117,8,False,False,Intel,unknown,unknown,unknown
Gigabyte Brix 3160 GB BACE Desktop Computer,135.48,B01M18SF5A,0,4.1,32,8,False,False,GIGABYTE,unknown,unknown,unknown
"MINISFORUM Mini PC 8GB DDR4 256GB SSD with Celeron Processor J4125 Quad-Core (up to 2.7GHz) 4 x USB 3.0 Ports 2 x Gigabit Ethernet Support HDD, 4K @ 60Hz HDMI, DisplayPort Dual Band WiFi Fi BT 4. 2",229.99,B089CNZL8S,0,4.5,574,8,False,True,MINIS FORUM,unknown,256,8
"Mini PC Intel I7-10810U (up to 4.9 GHz), Bkouen Mini Computers Windows 11 Pro for Gaming, 6 Cores 12 Threads, 16GB DDR4 512GB M.2 SSD, 2.5&quot; SATA, WiFi 6, BT5.2 For under-ground Study",699.99,B0BC6FND84,120.00,4.5,55,21,False,False,Intel,Windows,512,16
Intel Tiger Canyon NUC11TNHI5 EU Barebone L6 EU String,483.95,B08TVB737M,0,5.0,3,27,False,False,Intel,no OS,unknown,unknown
"Fanless Industrial PC, Mini Computer, Intel Celeron 2955U, HUNSN IM03, AC WiFi, BT4.0, VGA, HDMI, LAN, 2 x COM RS232, 6 x USB2.0, Barebone, NO RAM, NO Storage, NO System",199.99,B07JKW5T7R,0,4.2,19,27,False,False,Intel,no OS,unknown,unknown
"Mini PC I5-8279 Intel Core Mini PC W11 Pro with 16GB DDR4 500GB M.2 NVME SSD TRIGKEY S8 Mini Computer W11, Mini Desktop Gaming PC WiFi 5, Mini PC Gaming Suitable for Zoom, LOL, GTA Online",499.00,B09PNDV5MM,76.00,4.3,36,9,False,True,Intel,Windows,500,16
"Intel NUC 11 Essential Windows 11, Atlas Canyon Celeron N5105, 4 Cores, 4 Threads, 2.9 GHz, 4MB Level 3 Cache, 46W TDP, Intel UHD Graphics",309.99,B0B8HWXN8F,30.00,4.4,14,8,False,True,Intel,Windows,unknown,unknown
"Intel NUC, NUC 11 Pro Windows 10 Pro Desktop Mini PC, Intel® Core i5-1135G7 4-Core, 2.4GHz-4.2GHz Turbo, 8-Thread, 8MB Cache, 16GB RAM, 256GB PCIe SSD, 28 W. Intelle. ® Iris™ Xe Graphics, NUC11PAHi5",749.99,B0B1MN8LXD,70.00,5.0,2,21,False,True,Intel,Windows,256,16
"Intel NUC 11 Pro NUC11PAHi5 Panther Canyon Home &amp; Business Mini Desktop 11th Gen Intel® Core™ i5-1135G7 Processor 2.4GHz - 4.2GHz Turbo, 4 Core, 8 Thread, 8 MB Cache, 2 8 W (without RAM &amp; SSD)",629.00,B09VGXKJLG,50.00,-1,0,24,False,False,Intel,unknown,unknown,unknown
"Intel NUC Mini PC Intel Core i5-10210U [10th Gen.] - 16GB RAM - 512GB HDD - HDMI, Thunderbolt, 3X USB 3.2 Type A, 2X USB 3.2 Type C, LAN - Win 10 Pro",619.97,B09BD9Q7HY,0,-1,0,14,False,False,Intel,Windows,unknown,16
Intel Tiger Canyon NUC11TNHI5 EU Barebone L6 EU String,483.95,B08TVB737M,0,5.0,3,27,False,False,Intel,no OS,unknown,unknown
Intel NUC 11 Pro NUC11TNHV7 Tiger Canyon Home &amp; Business Mini Desktop 11th Gen Intel® Core™ i7-1185G7 Processor with Intel vPro Technology (No RAM &amp; SSD),799.00,B09VGWF1X1,0,-1,0,-1,False,False,Intel,unknown,unknown,unknown
"GEEKOM Mini IT8 i5-8279U (up to 4.1 GHz) Mini PC, Windows 11 Pro Mini PC, 16 GB DDR4 RAM 512 GB SSD Mini Desktop PC, Mini Computer 4K @ 60Hz | Supports 4 Displays | 2.4/5GWiFi | BT Home/B. Office small PC",499.99,B0B1DV81FY,70.00,4.6,157,21,False,True,GEEKOM,Windows,512,16
"Corsair ONE i300 Compact Gaming PC (Intel Core i9-12900K CPU, NVIDIA GeForce RTX 3080 Graphics Card, 32GB CORSAIR Vengeance DDR5 Memory, Thunderbolt 4, Windows 11 Pro) Black","4,099.99",B09QMG89VL,0,4.2,3,9,False,False,Intel,Windows,unknown,unknown
"HP EliteDesk 800 G1 SFF Black Desktop PC, Intel Quad Core i5-4570 3.20GHz, 8GB RAM, 256GB SDD with Windows 10 Pro (Generalüberholt)",193.50,B07843N5G6,0,4.3,210,3,False,False,Intel,Windows,unknown,8
INTEL NUC 11 Pro Board BNUC11TNBI30000,348.46,B091CQ6YR9,0,-1,0,-1,False,False,Intel,unknown,unknown,unknown
Lenovo ThinkCentre M900 Tiny Mini PC | Intel Cores i7-6700T 2.8GHz | 8GB RAM | SSD 240GB | Display Port | Wifi | Windows 10 Pro (Refurbished),343.00,B09BCPC6G2,0,4.0,45,27,False,False,Intel,Windows,unknown,8
Intel NUC Kit NUC8i3BEH 28W 32GB 38.4Gbps 32768MB Intel® NUC Kits Intel® NUC Kit with 8th Generation Intel® CoreTM Processors,-1,B07JB2M5JS,0,4.6,444,-1,False,False,Intel,unknown,unknown,unknown
"Intel NUC, NUC 10 i5, Intel® Core™ i5-10210U Mini PC, NUC10i5FNHN Barebone, up to 4.2 GHz, 4 cores, 8 threads, no OS",529.99,B0B1MN8WX5,0,4.8,8,21,False,True,Intel,no OS,unknown,unknown
"Intel NUC 11 Pro NUC11TNHi70L Tiger Canyon Home &amp; Business Mini Desktop Dual LAN 11th Gen Intel® Core™ i7-1165G7 Processor up to 4.7GHz Turbo, 4 Cores, 8 Threads, 12MB L3 cache (without RAM and SSD)",-1,B09VGW36HC,0,-1,0,-1,False,False,Intel,unknown,unknown,unknown
Intel NUC Mini PC Intel Celeron J4005 2x2.0 GHz 4 GB RAM 250 GB SSD Bluetooth 5.0 HDMI RJ-45 USB 3.0 Windows 10 Professional +G-Data Antivirus,171.86,B0811ZFGWH,0,-1,0,14,False,False,Intel,Windows,250,4
"Intel NUC 11 Pro NUC11TNHi5 Tiger Canyon Home &amp; Business Mini Desktop 11th Gen Intel® Core™ i5-1135G7 Processor up to 4.2GHz Turbo, 4 Cores, 8 Threads, 8MB L3 C. ache (without RAM). &amp;SSD)",599.00,B09VGWC7DK,80.00,3.7,5,21,False,False,Intel,unknown,unknown,unknown
"WEIDIAN NUC Mini Computer, with Core i9-10880H 8C/16T Windows 11 Desktop Computer, 16GB DDR4+512GB NVMe SSD, HDMI2.0/DP 4K @60Hz Output, 2*USB2.0, 2*RJ45 LAN, 4*USB3.0 A Connection, WIFI6. BT5.2",-1,B09Q3663ZC,0,4.8,35,-1,False,False,WEIDIAN,Windows,512,16
"MINIS FORUM JB95 Mini PC, Intel Celeron Silver N5095 Processor Quad-Core CPU 8 GB / 128GB SSD Mini Desktop Computer with Windows 10, HDMI/DP/USB C Connector, USB 3.0×2, USB 3.1×2",239.00,B089CZ4QC6,34.00,4.2,358,8,False,True,Intel,Windows,128,unknown
"Intel Atlas Canyon Celeron N5105, Intel NUC 11, 4 Cores, 4 Threads, 2.9 GHz, 4MB Level 3 Cache, 46W TDP, Intel UHD Graphics",330.00,B09PRR1S1D,40.00,-1,0,8,False,False,Intel,unknown,unknown,unknown
"Mini PC I5 Intel i5-8279U Mini PC Windows 11 Pro with 8G DDR4 256G M.2 NVMe SSD, Mini-PC 4K Dual HDMI, Mini Computer Zoom, GTA Online, LOL, CS GO, Photoshop",379.00,B09PNCKQPD,0,4.3,36,8,False,False,Intel,Windows,256,8
Mini PC Intel NUC - 10th Gen - Intel Core i3 10110U - 16GB RAM - 250GB SSD - USB 3 - Windows 10 Pro,649.00,B07RQS8S6S,0,4.7,7,13,False,False,Intel,Windows,250,16
"Mini PC I5-8279 Intel Core Mini PC W11 Pro with 16GB DDR4 500GB M.2 NVME SSD TRIGKEY S8 Mini Computer W11, Mini Desktop Gaming PC WiFi 5, Mini PC Gaming Suitable for Zoom, LOL, GTA Online",499.00,B09PNDV5MM,76.00,4.3,36,9,False,True,Intel,Windows,500,16
"Intel NUC 11 Essential Windows 11, Atlas Canyon Celeron N5105, 4 Cores, 4 Threads, 2.9 GHz, 4MB Level 3 Cache, 46W TDP, Intel UHD Graphics",309.99,B0B8HWXN8F,30.00,4.4,14,8,False,True,Intel,Windows,unknown,unknown
"Intel NUC, NUC 11 Pro Windows 10 Pro Desktop Mini PC, Intel® Core i5-1135G7 4-Core, 2.4GHz-4.2GHz Turbo, 8-Thread, 8MB Cache, 16GB RAM, 256GB PCIe SSD, 28 W. Intelle. ® Iris™ Xe Graphics, NUC11PAHi5",749.99,B0B1MN8LXD,70.00,5.0,2,21,False,True,Intel,Windows,256,16
Intel NUC 8I3CYSN2 Mini PC Intel Core i3-8121U 4GB DDR4 RAM 1TB HDD Graphics Radeon 540 2GB Windows 10,471.67,B07JBYMQVP,0,-1,0,-1,False,False,Intel,Windows,unknown,4
Intel NUC Mini PC Intel Celeron J4005 2x2.0 GHz 12 GB RAM 120 GB SSD Bluetooth 5.0 HDMI RJ-45 USB 3.0 Windows 10 Professional,266.66,B0811X5868,0,4.3,2,14,False,False,Intel,Windows,120,12
Mini PC - NUC 11H Pro - Core i5 1135G7 - RAM: 8GB - SSD: 250GB - USB 3 - Windows 11 Pro - Office 2019 Pro,809.00,B07RWLDN9W,0,5.0,1,13,False,False,unknown,Windows,250,
Intel NUC Mini PC Intel Celeron J4005 2x2.0 GHz 4 GB RAM 250 GB SSD Bluetooth 5.0 HDMI RJ-45 USB 3.0 Windows 10 Professional +G-Data Antivirus,171.86,B0811ZFGWH,0,-1,0,14,False,False,Intel,Windows,250,4
"Intel NUC, NUC 10 i5, Intel® Core™ i5-10210U Mini PC, NUC10i5FNHN Barebone, up to 4.2 GHz, 4 cores, 8 threads, no OS",529.99,B0B1MN8WX5,0,4.8,8,21,False,True,Intel,no OS,unknown,unknown
"Intel® NUC M15 Laptop Kit (BBC710BCG7B02) (Core™ i7-1165G7; 16GB LPDDR4x; No Hard Drive, No OS), Black",-1,B08Y95YFYG,0,-1,0,-1,False,False,Intel,unknown,unknown,unknown
"HISTTON Mini PC with Dual Core NUC i5 4200U with Windows 10 Desktop Computer, 16GB RAM, 256GB SSD, 6 RS232 COM, 2 LAN, HDMI, VGA, WLAN, Industrial PC",484.00,B08CKTZG6L,0,4.3,62,27,False,False,HISTTON,Windows,256,16
"Intel NUC Mini PC Intel Core i3-10110U [10th Gen.] - 32GB RAM - 512GB SSD - HDMI, Thunderbolt, 3X USB 3.2 Type A, 2X USB 3.2 Type C, LAN - Win 10 Pro",599.00,B09BFLPRT6,0,-1,0,14,False,False,Intel,Windows,512,32
"Intel Panther Canyon NUC11PAHI50Z02, B09SCMNGKT",447.99,B09SCMNGKT,0,-1,0,-1,False,False,Intel,unknown,unknown,unknown
Intel NUC BXNUC10I5FNHN2 EUCord Barebone Black,428.29,B093Z5V5LC,0,5.0,1,14,False,False,Intel,no OS,unknown,unknown
"MINISFORUM Mini PC 8GB DDR4 256GB SSD with Celeron Processor J4125 Quad-Core (up to 2.7GHz) 4 x USB 3.0 Ports 2 x Gigabit Ethernet Support HDD, 4K @ 60Hz HDMI, DisplayPort Dual Band WiFi Fi BT 4. 2",229.99,B089CNZL8S,0,4.5,574,8,False,True,MINIS FORUM,unknown,256,8
"Intel NUC 9 Extreme Kit, NUC9i5QNX, with US Cable, Single Pack",-1,B0851JLWJP,0,4.1,9,-1,False,False,Intel,unknown,unknown,unknown
Lenovo ThinkCentre M93p Tiny USDT Intel Core i5 512GB SSD Hard Drive 16GB Memory Windows 10 Pro MAR Includes Wi-Fi Business Desktop Computer Mini PC,299.00,B093JN5PHY,0,3.8,63,3,False,False,Intel,Windows,512,unknown
"Mini PC Windows 10 Pro, Intel Celeron Quad-Core J4105 @1.5GHz, 8GB RAM + 128GB ROM, AWOW Micro PC, Gigabit Ethernet, Dual 2.4G &amp; 5G WiFi, BT4.2, Mini Desktop Computer for B business, home. e, school",189.99,B09NY38MX6,0,4.1,33,8,False,False,Intel,Windows,unknown,8
Intel Frost Canyon NUC10I7FNKN EU Barebone L6 EU Cord,593.99,B093YR6X34,0,-1,0,9,False,False,Intel,no OS,unknown,unknown
"Mini PC I5-8279 Intel Core Mini PC W11 Pro with 16GB DDR4 500GB M.2 NVME SSD TRIGKEY S8 Mini Computer W11, Mini Desktop Gaming PC WiFi 5, Mini PC Gaming Suitable for Zoom, LOL, GTA Online",499.00,B09PNDV5MM,76.00,4.3,36,9,False,True,Intel,Windows,500,16
Intel NUC Kit NUC8i3BEH 28W 32GB 38.4Gbps 32768MB Intel® NUC Kits Intel® NUC Kit with 8th Generation Intel® CoreTM Processors,-1,B07JB2M5JS,0,4.6,444,-1,False,False,Intel,unknown,unknown,unknown
Mini PC Intel NUC - 10th Gen - Intel Core i3 10110U - 16GB RAM - 250GB SSD - USB 3 - Windows 10 Pro,649.00,B07RQS8S6S,0,4.7,7,13,False,False,Intel,Windows,250,16
Intel June Canyon NUC7PJYHN EU Barebone L6 EU Cord,154.69,B093YPC7R1,0,-1,0,14,False,False,Intel,no OS,unknown,unknown
"MINIS FORUM JB95 Mini PC, Intel Celeron Silver N5095 Processor Quad-Core CPU 8 GB / 128GB SSD Mini Desktop Computer with Windows 10, HDMI/DP/USB C Connector, USB 3.0×2, USB 3.1×2",239.00,B089CZ4QC6,34.00,4.2,358,8,False,True,Intel,Windows,128,unknown
"GEEKOM Mini IT8 i5-8279U (up to 4.1 GHz) Mini PC, Windows 11 Pro Mini PC, 16 GB DDR4 RAM 512 GB SSD Mini Desktop PC, Mini Computer 4K @ 60Hz | Supports 4 Displays | 2.4/5GWiFi | BT Home/B. Office small PC",499.99,B0B1DV81FY,70.00,4.6,157,21,False,True,GEEKOM,Windows,512,16
"CHUWI Mini PC LarkBox X, AMD Ryzen™7 3750H Processor up to 4GHz, 8GB DDR4 256GB SSD Mini Desktop Computer with Windows 11 OS, HDMI, DP and Type-C Connection, RJ45-LAN, WiFi 6, BT5.2, M.2 Plug Space, USB 3. 1 x 4",399.00,B00OKAHH8O,30.00,4.3,254,8,False,True,Chuwi,Windows,256,8
INTEL NUC Barebone BXNUC10I7FNKN2 EUCord,611.48,B093Z66JV8,0,-1,0,9,False,False,Intel,no OS,unknown,unknown
"Akasa Newton CTN, Aluminium Fanless Housing for Intel 11th NUC Core™ i3 (Tiger Canyon), Compact 1.06L, Supports M.2 SSD and VESA Mounting, A-NUC75-M1B",98.80,B09NBDL3XX,0,5.0,2,8,False,False,Intel,unknown,unknown,unknown
Kaby Lake i5/i7 Mini PC with Rich IO: VGA HDMI LAN SD Card Reader USB 3.0 Aluminum Case,-1,B079G4JW2D,0,-1,0,-1,False,False,Kaby Lake,unknown,unknown,unknown
HP ProDesk 400 G6 - Mini Desktop - Core i7 10700T 2 GHz - 16 GB - SSD 512 GB - German,946.08,B08V398WHR,0,5.0,4,-1,False,False,HP,unknown,unknown,unknown
"Intel NUC 11 Essential Windows 11, Atlas Canyon Celeron N5105, 4 Cores, 4 Threads, 2.9 GHz, 4MB Level 3 Cache, 46W TDP, Intel UHD Graphics",309.99,B0B8HWXN8F,30.00,4.4,14,8,False,True,Intel,Windows,unknown,unknown
Intel NUC8i7HVK NUC Kit,-1,B07DG7L52T,0,4.2,78,-1,False,False,Intel,unknown,unknown,unknown
"Intel NUC Mini PC Intel Core i3-10110U [10th Gen.] - 8 GB RAM - 512 GB SSD - HDMI, Thunderbolt, 3x USB 3.2 Type A, 2x USB 3.2 Type C, LAN - Win 10 Pro + G-Data Antivirus",-1,B09BFK4R3G,0,-1,0,-1,False,False,Intel,Windows,512,8
Mini PC Intel NUC - 10th Gen - Intel Core i7 10710U - 32GB RAM - 1000GB PCIe SSD - Windows 10 Pro,-1,B085CKVZW8,0,5.0,10,-1,False,False,Intel,Windows,1000,32
NUC Ghost Canyon NUC9I7QNX,-1,B08H4VRWNY,0,4.8,8,-1,False,False,Intel,unknown,unknown,unknown
Intel Nuc Frost Canyon BXNUC10I3FNK2 Black,-1,B086SJDL1X,0,4.4,94,-1,False,False,Intel,unknown,unknown,unknown
"Intel NUC, NUC 11 Pro Windows 10 Pro Desktop Mini PC, Intel® Core i5-1135G7 4-Core, 2.4GHz-4.2GHz Turbo, 8-Thread, 8MB Cache, 16GB RAM, 256GB PCIe SSD, 28 W. Intelle. ® Iris™ Xe Graphics, NUC11PAHi5",749.99,B0B1MN8LXD,70.00,5.0,2,21,False,True,Intel,Windows,256,16
"Super Small PC Fanless Mini Computer Desktop PC Celeron J4125, 8GB DDR4 RAM, 256GB SSD, Industrial Mini PC, Dual LAN, BT4.0, Mini Desktop Computer HDMI/VGA, Windows 10 Pro Mini Desktop - PC",305.00,B09DCBZK17,0,4.5,68,8,False,False,unknown,Windows,256,8
"HP EliteDesk 800 G1 SFF Black Desktop PC, Intel Quad Core i5-4570 3.20GHz, 8GB RAM, 256GB SDD with Windows 10 Pro (Generalüberholt)",193.50,B07843N5G6,0,4.3,210,3,False,False,Intel,Windows,unknown,8
"HSIPC Jasper Lake Celeron N5105 Quad Core Firewall Micro Appliance, Mini PC, Nano Router PC with 8G RAM 128G SSD, 4 RJ45 2.5GBE Port AES-NI Compatible Pfsense",325.00,B0B1LPR3NQ,0,4.8,29,8,False,False,unknown,unknown,unknown,8
"Mini Gaming PC, RGB Lights AMD Ryzen 5 4500U 16GB DDR4 512GB NVMe SSD Windows 11 Pro AMR5 Mini Computer 4K HDMI DP Type-C WiFi 6 BT 5.2 Small PC, Auto Power On",599.99,B0B67ZFLVT,65.00,4.5,113,9,False,False,unknown,Windows,512,16
"Intel NUC, NUC 10 i5, Intel® Core™ i5-10210U Mini PC, NUC10i5FNHN Barebone, up to 4.2 GHz, 4 cores, 8 threads, no OS",529.99,B0B1MN8WX5,0,4.8,8,21,False,True,Intel,no OS,unknown,unknown
Intel NUC Barebone i5-10210U 0GB/0GB SSD without Operating System,-1,B0876FZDRB,0,-1,0,-1,False,False,Intel,no OS,0,unknown
"Intel NUC Mini PC Intel Core i3-10110U [10th Gen.] - 16GB RAM - 128GB SSD - HDMI, Thunderbolt, 3X USB 3.2 Type A, 2X USB 3.2 Type C, LAN - Win 10 Pro",499.00,B09BFLNHXL,0,-1,0,14,False,False,Intel,Windows,128,16
Mini PC - NUC 11H Pro - Core i7 1165G7 - RAM: 64GB - SSD: 2000GB - Windows 11 Pro - Office 2019 Pro,"1,519.00",B0BL1FPF4T,0,-1,0,13,False,False,unknown,Windows,2000,
"Mini PC I5-8279 Intel Core Mini PC W11 Pro with 16GB DDR4 500GB M.2 NVME SSD TRIGKEY S8 Mini Computer W11, Mini Desktop Gaming PC WiFi 5, Mini PC Gaming Suitable for Zoom, LOL, GTA Online",499.00,B09PNDV5MM,76.00,4.3,36,9,False,True,Intel,Windows,500,16
"Intel NUC 11 Essential Windows 11, Atlas Canyon Celeron N5105, 4 Cores, 4 Threads, 2.9 GHz, 4MB Level 3 Cache, 46W TDP, Intel UHD Graphics",309.99,B0B8HWXN8F,30.00,4.4,14,8,False,True,Intel,Windows,unknown,unknown
"Intel NUC, NUC 10 i5, Intel® Core™ i5-10210U Mini PC, NUC10i5FNHN Barebone, up to 4.2 GHz, 4 cores, 8 threads, no OS",529.99,B0B1MN8WX5,0,4.8,8,21,False,True,Intel,no OS,unknown,unknown
Intel Juni Canyon NUC7CJYSAMN EU Mini PC L10 EU Cord,-1,B093YPTJ67,0,-1,0,-1,False,False,Intel,unknown,unknown,unknown
"STRHIGP Firewall Mini PC OPNsense Celeron J4125 Quad Core Firewall 4 LAN, DDR4 8GB RAM 128GB SSD, Gigabit Ethernet Router, SIM Slot, AES-NI Fanless Desktop Computer, HDMI, COM, 2USB3.0, 4USB2.0",353.00,B09QM69CJ8,0,4.8,13,8,False,False,STRHIGP,unknown,128,48
"Gigabyte GB-BACE-3000 (rev. 1.0) BGA 1170 1.04GHz N3000 0.69L Mini PC Black - Barebones PC/Workstation PC (BGA 1170, Intel® Celeron® 1.04GHz, N3000, 14n) m)",69.99,B01BLVFQF0,0,3.1,15,13,False,False,Intel,no OS,unknown,unknown
Apple Mac mini with Apple M1 chip (8GB RAM),677.98,B08N5Q115H,0,4.7,"1,757",2,False,False,Apple,OS X,unknown,8
"MINISFORUM Mini PC 8GB DDR4 256GB SSD with Celeron Processor J4125 Quad-Core (up to 2.7GHz) 4 x USB 3.0 Ports 2 x Gigabit Ethernet Support HDD, 4K @ 60Hz HDMI, DisplayPort Dual Band WiFi Fi BT 4. 2",229.99,B089CNZL8S,0,4.5,574,8,False,True,MINIS FORUM,unknown,256,8
"Mini PC Intel NUC8I7 (Intel Core i7 up to 4X 4.5GHz, 16GB RAM, 250GB SSD, WLAN, HDMI, Infrared, Card Reader, USB 3, Windows 10 Pro) #3530",-1,B07NNVWM5G,0,5.0,4,-1,False,False,Intel,Windows,250,16
Zotac ZBOX PI336 Pico with Windows 11 Pro,386.55,B0B6JRRR4T,0,2.0,1,8,False,False,ZOTAC,Windows,unknown,unknown
Intel NUC Mini PC Intel Celeron J4005 2 x 2.0 GHz 16 GB RAM 1000 GB HDD Bluetooth 5.0 HDMI RJ-45 USB 3.0 Windows 10 Professional,266.66,B0811Z9816,0,4.5,2,14,False,False,Intel,Windows,unknown,16
"Intel NUC NUC7CJYHN UCFF Black J4005 2 GHz - no Audio Jack, W126258032 (J4005 2 GHz - no Audio Jack - EU Plug NUC NUC7CJYHN, UCFF, Mini PC Barebone, DDR4-SDRAM, Serial IIIATA ,)",177.32,B09HL57FMV,0,-1,0,7,False,False,Intel,no OS,unknown,unknown
"HISTTON NUC Mini PC Windows 11 Pro Intel Core i9-9880H Processor 64GB RAM 1TB M.2 SSD, Supports SATA3.0 for 2.5&quot; HDD/SSD, HDMI &amp; DP Dual Output/TPC/WiFi/BT 4.2/4K Micro Desktop Cable Computer","1,430.00",B09G6SNVQG,0,4.9,14,2,False,False,Intel,Windows,unknown,64
"Intel NUC, NUC 11 Pro Windows 10 Pro Desktop Mini PC, Intel® Core i5-1135G7 4-Core, 2.4GHz-4.2GHz Turbo, 8-Thread, 8MB Cache, 16GB RAM, 256GB PCIe SSD, 28 W. Intelle. ® Iris™ Xe Graphics, NUC11PAHi5",749.99,B0B1MN8LXD,70.00,5.0,2,21,False,True,Intel,Windows,256,16
shinobee® Intel Core i7 4790 Multimedia PC - Fast Computer for Office &amp; Home Office - Calculator with 4 GHz - 32 GB RAM - 1000 GB SSD + 2 TB - DVD+RW - USB3.0 - WLAN - Windows 11 Pro | MS Office | #6956,555.00,B09XHSDRKP,0,4.0,729,13,False,False,Intel,Windows,1000,32
Intel NUC Board Element BKCMB1BB,65.69,B09MSD5KSQ,0,-1,0,-1,False,False,Intel,unknown,unknown,unknown
"Mini PC Windows 11 Pro AMD Ryzen 5 3550H Mini Computer MINISFORUM UM350 DDR4 16GB RAM 512GB PCle SSD Desktop PC Dual Band WLAN 4K HDMI/DisplayPort/USB-C 4K@60Hz, 2.5G RJ45-LAN Micro PC",361.24,B08LZ34BRC,0,4.3,273,8,False,False,MINIS FORUM,Windows,512,16
"Intel NUC 8 - NUC8I7HNKQC2 Mini PC (Intel Core i7-8809G Processor, SSD 1000GB, Radeon RX Vega M GH Graphic) Black",-1,B07J6TRW4D,0,5.0,3,-1,False,False,Intel,unknown,unknown,unknown
"Mini PC I3 Intel Core 8109U Mini PC with W11 Pro with 16GB DDR4 500GB SSD TRIGKEY Speed S Mini Computer Oficina W11 Pro, Dual HDMI 4K, WiFi 5, BT5.0, 4 x USB 3.0, Zoom, Ms Office. Netfilx",429.00,B09PNGVCVY,50.00,4.3,36,9,False,True,Intel,Windows,500,16
Intel NUC 9 Pro Kit with 9th Generation Intel Core Processors NUC9VXQNX W/US Cable,"2,013.71",B086LFB22V,0,5.0,7,-1,False,False,Intel,unknown,unknown,unknown
Intel Compatible NUC Kit BNUC11TNHI30002 Core i3 Tiger Canyon,387.90,B08VH8617Y,0,-1,0,13,False,False,Intel,unknown,unknown,unknown
"Mini PC Windows 11 Pro Core i9-10880H/10885H, Mini Computer Dual LAN, 32GB DDR4 RAM 512GB M.2 NVME SSD, Micro PC USB3.0 HDMI DP, Office PC Dual Band WiFi BT 4.2 QIKEMALL","1,199.99",B095X2DTY5,69.00,-1,0,9,False,False,unknown,Windows,512,32
"Mini PC Windows 11 Pro with Intel Core i5-11320H Desktop PC Minisforum DeskMini TH50 16GB RAM 512G PCle SSD Mini Computer, Triple HDMI/USB 4 / Display Video Output, Dual LAN 2.5G Micro PC",579.99,B09WPF187D,60.00,4.1,46,9,False,True,Intel,Windows,unknown,16
"Intel NUC 11 Essential Windows 11, Atlas Canyon Celeron N5105, 4 Cores, 4 Threads, 2.9 GHz, 4MB Level 3 Cache, 46W TDP, Intel UHD Graphics",309.99,B0B8HWXN8F,30.00,4.4,14,8,False,True,Intel,Windows,unknown,unknown
"Intel NUC, NUC 11 Pro Windows 10 Pro Desktop Mini PC, Intel® Core i5-1135G7 4-Core, 2.4GHz-4.2GHz Turbo, 8-Thread, 8MB Cache, 16GB RAM, 256GB PCIe SSD, 28 W. Intelle. ® Iris™ Xe Graphics, NUC11PAHi5",749.99,B0B1MN8LXD,70.00,5.0,2,21,False,True,Intel,Windows,256,16
Mini PC Intel NUC - i7 Intel Core - 32GB RAM - 1000GB SSD - Windows 10 Pro - Microsoft Office 2016 Pro,"1,078.62",B07S8V8LF6,0,5.0,3,14,False,False,Intel,Windows,1000,32
Intel NUC BOXNUC7I3BNH Barebone Construction Kit,-1,B01N6SG8DP,0,4.5,144,-1,False,False,Intel,no OS,unknown,unknown
"HP EliteDesk 800 G1 SFF Black Desktop PC, Intel Quad Core i5-4570 3.20GHz, 8GB RAM, 128GB SDD with Windows 10 Pro (Certified Refurbished)",-1,B077P8VP99,0,4.3,50,-1,False,False,Intel,Windows,unknown,8
"Mini Desktop Computer Fanless Industrial PC Quad Core Whisky Lake DDR4 M.2 SSD UHD 4K @60Hz, WiFi, LAN, HDMI 2.0, EDP 1.4, TPC, LVDS, SIM, TPM Interface, USB 3.0, RS232/485, Win10",539.00,B083DVFBWW,0,5.0,2,27,False,False,unknown,Windows,unknown,unknown
"MINISFORUM Mini PC 8GB DDR4 256GB SSD with Celeron Processor J4125 Quad-Core (up to 2.7GHz) 4 x USB 3.0 Ports 2 x Gigabit Ethernet Support HDD, 4K @ 60Hz HDMI, DisplayPort Dual Band WiFi Fi BT 4. 2",229.99,B089CNZL8S,0,4.5,574,8,False,True,MINIS FORUM,unknown,256,8
INTEL NUC 8 Pro BKNUC8I3PNH 999KTR,383.61,B08CNN73V1,0,4.0,1,15,False,False,Intel,unknown,unknown,unknown
"Mini PC Intel NUC, i5 Intel Core, 8 GB RAM, 250 GB SSD, Windows 10 Pro",588.00,B07RVMW41W,0,4.2,9,-1,False,False,Intel,Windows,250,8
"Mini PC Windows 11 Pro, 8GB LPDDR4 128GB M.2 SATA SSD Celeron J4125 (up to 2.70 GHz), Mini Desktop Computer UHD 4K @ 60Hz USB Dual WiFi BT4.2, Gigabit Ethernet, Triple Display Monitor micro home off. ice PC",209.89,B09FNWK4YV,55.00,4.5,273,8,False,False,unknown,Windows,128,unknown
"Intel NUC Mini PC Intel Core i5-10210U [10th Gen.] - 16GB RAM - 512GB HDD - HDMI, Thunderbolt, 3X USB 3.2 Type A, 2X USB 3.2 Type C, LAN - Win 10 Pro",619.97,B09BD9Q7HY,0,-1,0,14,False,False,Intel,Windows,unknown,16
Akasa Newton S7D | Designed for Intel 7th Gen NUC (Dawson Canyon) | PC Aluminium Case | Fanless CPU Cooling | Supports 2.5&quot; SSD HDD and VESA Mounting | A-NUC38-M1B,119.00,B079YXZTQM,0,-1,0,8,False,False,Intel,unknown,unknown,unknown
"Intel NUC, NUC 10 i5, Intel® Core™ i5-10210U Mini PC, NUC10i5FNHN Barebone, up to 4.2 GHz, 4 cores, 8 threads, no OS",529.99,B0B1MN8WX5,0,4.8,8,21,False,True,Intel,no OS,unknown,unknown
Mini PC - NUC 11H Pro - Core i5 1135G7 - RAM: 16GB - SSD: 1000GB - USB 3 - Windows 11 Pro,829.00,B07S28PX1F,0,5.0,3,13,False,False,unknown,Windows,1000,
"MeLE Quieter 3Q Mini PC Celeron N5105 8GB DDR4 256GB Windows 11 Pro Mini Desktop Computer NVMe M.2 2280 SSD, Fanless Desktop Micro PC Supports 4K, 2.4/5.8 WiFi 6.0, Gigabit Eth. ernet, BT5 .2",349.99,B09XB3WL91,40.00,4.5,374,24,False,False,MeLE,Windows,unknown,58
Intel NUC BKNUC8V5PNH PC/Workstation Barebone 0.69 L Size PC Black BGA 1528 i5-8365U 1.6 GHz,508.27,B08CNN1JB6,0,5.0,1,14,False,False,Intel,no OS,unknown,unknown
Intel Tiger Canyon NUC11TNHI50L Barebone L6 without Cord,556.88,B08VH82FYP,0,3.8,4,14,False,False,Intel,no OS,unknown,unknown
"MINIS FORUM JB95 Mini PC, Intel Celeron Silver N5095 Processor Quad-Core CPU 8 GB / 128GB SSD Mini Desktop Computer with Windows 10, HDMI/DP/USB C Connector, USB 3.0×2, USB 3.1×2",239.00,B089CZ4QC6,34.00,4.2,358,8,False,True,Intel,Windows,128,unknown
iiyama SPC51001BC-1 Modular Intel® i5 OPS Slot PC with Windows® 10 IoT Enterprise for Large Format Displays of the iiyama TExx02MIS / TExx04MIS Series,865.99,B0B5Z46RTQ,0,-1,0,24,False,False,Intel,Windows,unknown,unknown
Lenovo ThinkCentre M900 Tiny Mini PC | Intel Cores i7-6700T 2.8GHz | 8GB RAM | SSD 240GB | Display Port | Wifi | Windows 10 Pro (Refurbished),343.00,B09BCPC6G2,0,4.0,45,27,False,False,Intel,Windows,unknown,8
"Mini PC Beelink Mini-S with 11th gen Celeron N5095 (up to 2.9 GHz) 8GB DDR4 128GB SSD Mini Desktop Computer Support Win 11, Dual HDMI, WiFi 5, 4K, Gigabit Ethernet",249.99,B094VM2ZJM,0,4.2,132,8,False,False,Beelink,Windows,128,8
"Mini PC I5-8279 Intel Core Mini PC W11 Pro with 16GB DDR4 500GB M.2 NVME SSD TRIGKEY S8 Mini Computer W11, Mini Desktop Gaming PC WiFi 5, Mini PC Gaming Suitable for Zoom, LOL, GTA Online",499.00,B09PNDV5MM,76.00,4.3,36,9,False,True,Intel,Windows,500,16
"Intel NUC 11 Essential Windows 11, Atlas Canyon Celeron N5105, 4 Cores, 4 Threads, 2.9 GHz, 4MB Level 3 Cache, 46W TDP, Intel UHD Graphics",309.99,B0B8HWXN8F,30.00,4.4,14,8,False,True,Intel,Windows,unknown,unknown
"GEEKOM Mini IT8 i5-8279U (up to 4.1 GHz) Mini PC, Windows 11 Pro Mini PC, 16 GB DDR4 RAM 512 GB SSD Mini Desktop PC, Mini Computer 4K @ 60Hz | Supports 4 Displays | 2.4/5GWiFi | BT Home/B. Office small PC",499.99,B0B1DV81FY,70.00,4.6,157,21,False,True,GEEKOM,Windows,512,16
"Mini PC Windows 11 Pro, 8GB DDR4 256GB M.2 SSD, Intel 11th Gen 4 Cores N5105 (up to 2.9GHz) Desktop PC, 1* HDMI and 1* VGA Dual Display 4K @60Hz Outputs, Dual WiFi, USB 3.0 Business Off. ice PC",299.99,B09K78FR4J,0,4.2,171,8,False,False,Intel,Windows,256,8
"CHUWI Mini PC LarkBox X, AMD Ryzen™7 3750H Processor up to 4GHz, 8GB DDR4 256GB SSD Mini Desktop Computer with Windows 11 OS, HDMI, DP and Type-C Connection, RJ45-LAN, WiFi 6, BT5.2, M.2 Plug Space, USB 3. 1 x 4",399.00,B00OKAHH8O,30.00,4.3,254,8,False,False,Chuwi,Windows,256,8
INTEL NUC Barebone BOXNUC7PJYHN No Cord,219.04,B093Z4WJ31,0,4.0,1,9,False,False,Intel,no OS,unknown,unknown
Intel Next Unit of Computing Kit 10 Performance,-1,B08P4J6GYB,0,-1,0,-1,False,False,Intel,unknown,unknown,unknown
"Intel NUC, NUC 10 i5, Intel® Core™ i5-10210U Mini PC, NUC10i5FNHN Barebone, up to 4.2 GHz, 4 cores, 8 threads, no OS",529.99,B0B1MN8WX5,0,4.8,8,21,False,True,Intel,no OS,unknown,unknown
"Intel NUC Mini PC Intel Core i5-10210U [10th Gen.] - 16GB RAM - 512GB SSD - HDMI, Thunderbolt, 3X USB 3.2 Type A, 2X USB 3.2 Type C, LAN - Win 10 Pro",619.97,B09BD86887,0,-1,0,14,False,False,Intel,Windows,512,16
Shuttle Shut BarBo XH310R BK H310,252.99,B07NVS9Y2R,0,4.8,3,8,False,False,Shuttle,unknown,unknown,unknown
Intel Computing NUC5i3RYH Barebone PC,-1,B00S1IQHKK,0,4.3,207,-1,False,False,Intel,no OS,unknown,unknown
"WEIDIAN Core i9-11900(up to 5.20 GHz) Mini Desktop Computer, Pre-Installed Windows 11 Pro/10 Pro, DDR4 64GB RAM + 1TB NVME SSD, HDMI/RJ45 Gigabit Ethernet/4*USB3.0/4*USB2.0/1*Com. - Port/WIFI. 6/BT5.0",-1,B09L85WM62,0,5.0,3,-1,False,False,WEIDIAN,Windows,1024,64
"Mini PC Windows 10 Pro AWOW AK34 6GB DDR4 128GB SSD Micro Computer, Intel Celeron J3455 4K HD/2.4G+5G WiFi/Dual LAN/BT 4.2/HDMI*2",156.77,B082KR9KX5,10.00,4.1,297,8,False,False,Intel,Windows,128,46
"Intel NUC, NUC 11 Pro Windows 10 Pro Desktop Mini PC, Intel® Core i5-1135G7 4-Core, 2.4GHz-4.2GHz Turbo, 8-Thread, 8MB Cache, 16GB RAM, 256GB PCIe SSD, 28 W. Intelle. ® Iris™ Xe Graphics, NUC11PAHi5",749.99,B0B1MN8LXD,70.00,5.0,2,21,False,True,Intel,Windows,256,16
Intel NUC Pro Chassis Element CMCM2FBAV,353.53,B09494DDZ5,0,-1,0,15,False,False,Intel,unknown,unknown,unknown
Mini PC Intel NUC - Intel Core i5 - 8GB RAM - 250GB PCIe SSD - Windows 10 Pro,616.99,B088TV24RT,0,-1,0,14,False,False,Intel,Windows,250,8
"Intel NUC Mini PC Intel Core i3-10110U [10th Gen.] - 16GB RAM - 512GB SSD - HDMI, Thunderbolt, 3X USB 3.2 Type A, 2X USB 3.2 Type C, LAN - Win 10 Pro + G-Data Antivirus",555.00,B09BFL4L4G,0,-1,0,14,False,False,Intel,Windows,512,16
Intel Next Unit of Computing 12 Extreme Kit - NUC12DCMi9,"1,583.48",B0B2X39V3F,0,-1,0,32,False,False,Intel,unknown,unknown,unknown
"CHUWI Mini PC LarkBox X, AMD Ryzen™7 3750H Processor up to 4GHz, 8GB DDR4 256GB SSD Mini Desktop Computer with Windows 11 OS, HDMI, DP and Type-C Connection, RJ45-LAN, WiFi 6, BT5.2, M.2 Plug Space, USB 3. 1 x 4",399.00,B00OKAHH8O,30.00,4.3,254,8,False,True,Chuwi,Windows,256,8
"Mini PC, Intel Celeron processor, J4125 Quad Core CPU 8GB, LPDDR4/ 128 GB LPDDR4 eMMC , mini desktop computer with Windows 10, HDMI and DP Port, Dual Band WiFi 2.4+5.8G, BT 4.2, 4 x USB 3.0.",177.65,B089CSVKV8,0,4.4,264,8,False,False,Intel,Windows,unknown,
Kvx nuc Windows 10 01 Intel Boxnuc6cayh J3455 / 8GB RAM/HDD 240GB SSD 2.5kvx-nuc-10 J345,-1,B00877CS9O,0,-1,0,-1,False,False,Intel,Windows,240,8
"Silverstone Vital 4 Compact Intel® NUC Element H Case, Fully Modular 80 Plus Gold SFX Power Supply 700W Intel® NUC 9 Extreme Compute Element SST-VT04B",427.56,B09K76FHDZ,0,-1,0,3,False,False,Intel,unknown,unknown,unknown
"Mini PC I5-8279 Intel Core Mini PC W11 Pro with 16GB DDR4 500GB M.2 NVME SSD TRIGKEY S8 Mini Computer W11, Mini Desktop Gaming PC WiFi 5, Mini PC Gaming Suitable for Zoom, LOL, GTA Online",499.00,B09PNDV5MM,76.00,4.3,36,9,False,True,Intel,Windows,500,16
"Intel NUC 11 Essential Windows 11, Atlas Canyon Celeron N5105, 4 Cores, 4 Threads, 2.9 GHz, 4MB Level 3 Cache, 46W TDP, Intel UHD Graphics",309.99,B0B8HWXN8F,30.00,4.4,14,8,False,True,Intel,Windows,unknown,unknown
"Intel NUC, NUC 11 Pro Windows 10 Pro Desktop Mini PC, Intel® Core i5-1135G7 4-Core, 2.4GHz-4.2GHz Turbo, 8-Thread, 8MB Cache, 16GB RAM, 256GB PCIe SSD, 28 W. Intelle. ® Iris™ Xe Graphics, NUC11PAHi5",749.99,B0B1MN8LXD,70.00,5.0,2,21,False,True,Intel,Windows,256,16
Intel NUC Barebone BNUC11TNKI70000 NOcor,616.53,B091CQP7PX,0,4.8,7,9,False,False,Intel,no OS,unknown,unknown
"SilverStone SST-PT14-H1T1; Petit Intel NUC, Board D33217CK",29.83,B00GSAOEQW,0,4.7,63,14,False,False,Intel,unknown,unknown,unknown
Intel Barb NUC BNUC11TNHI70002,684.00,B08YFF62LT,0,-1,0,14,False,False,Intel,unknown,unknown,unknown
"Lenovo ThinkCentre neo 30a Intel Core i3 60.5 cm (23.8 inches) 1920 x 1080 pixels 8GB DDR4-SDRAM 512GB SSD All-in-One PC Windows 11 Pro Wi-Fi 6 (802.11ax) Black, multi-coloured. Coloured, 12B000CRGE",759.70,B0B8NRCP6F,0,3.0,2,9,False,False,Intel,Windows,512,8
"GEEKOM Mini IT8 i5-8279U (up to 4.1 GHz) Mini PC, Windows 11 Pro Mini PC, 16 GB DDR4 RAM 512 GB SSD Mini Desktop PC, Mini Computer 4K @ 60Hz | Supports 4 Displays | 2.4/5GWiFi | BT Home/B. Office small PC",499.99,B0B1DV81FY,70.00,4.6,157,21,False,True,GEEKOM,Windows,512,16
"Intel NUC Mini PC Intel Core i5-10210U [10th Gen.] - 8GB RAM - 256GB SSD - HDMI, Thunderbolt, 3X USB 3.2 Type A, 2X USB 3.2 Type C, LAN - Win 10 Pro",619.97,B09BD66Y8C,0,-1,0,14,False,False,Intel,Windows,256,8
"Intel NUC Baby Canyon NUC7I3BNHXF, BOXNUC7I3BNHXF",-1,B075VSBNQY,0,3.4,9,-1,False,False,Intel,unknown,unknown,unknown
"Intel NUC 7 Business Mini PC Desktop, Intel Pentium Silver J5005 Processor, 16GB DDR4 RAM, 512GB SSD, Intel UHD Graphics 605, Wireless AC, HDMI, Windows 11 Enterprise, Black",-1,B09TTXXPTP,0,5.0,1,-1,False,False,Intel,Windows,512,16
ORDENADOR MINIPC NUC BKNUC8CCHKRN INTEL Barebone,244.77,B0921KT2PH,0,-1,0,10,False,False,Intel,no OS,unknown,unknown
"Beelink Mini PC Windows 10 T4 Pro Processor Apollo Lake N3350 (up to 2.4 GHz) 4GB LPDDR3+ 64GB EMMC Mini Computer Support Dual HDMI, Dual WiFi, BT 4.0, Gigabit Ethernet",159.00,B099F3Z8TH,40.00,3.9,29,8,False,False,Beelink,Windows,unknown,unknown
"Intel NUC, NUC 10 i5, Intel® Core™ i5-10210U Mini PC, NUC10i5FNHN Barebone, up to 4.2 GHz, 4 cores, 8 threads, no OS",529.99,B0B1MN8WX5,0,4.8,8,21,False,True,Intel,no OS,unknown,unknown
"Intel NUC 11 Pro NUC11TNKi3 Tiger Canyon Home &amp; Business Mini PC Mini Desktop Intel® Core™ 11th Generation i3-1115G4 Processor. Up to 4.1GHz Turbo, 2 Cores, 4 Threads() 8GB RAM. 256 GB SSD)",-1,B09X5Z4BYK,0,5.0,1,-1,False,False,Intel,unknown,256,8
"Mini PC Core i7 1165G7, Desktop Small Computer Windows 11, 16GB DDR4 RAM 500GB NVME SSD, Dual HDMI, Mini DP, Type-C Full Feature, 4K HTPC with Four Displays, AC WiFi, BT5.0, LAN, Office Home/G. Gaming",690.00,B09MDX57S5,0,5.0,7,21,False,False,unknown,Windows,500,16
Annadue Replacement Internal Fan for Intel NUC Kit NUC6i7KYK KSB0605HB 1323-00U9000 5V 4Pin CPU Cooler,42.81,B0B4SDZL42,0,-1,0,8,False,False,Intel,unknown,unknown,unknown
INTEL - NUC Wall Street Canyon NUC12WSHI50Z Barebone L6 NO Cord,614.51,B0BKQWV882,0,-1,0,15,False,False,Intel,no OS,unknown,unknown
"Mini PC I5-8279 Intel Core Mini PC W11 Pro with 16GB DDR4 500GB M.2 NVME SSD TRIGKEY S8 Mini Computer W11, Mini Desktop Gaming PC WiFi 5, Mini PC Gaming Suitable for Zoom, LOL, GTA Online",499.00,B09PNDV5MM,76.00,4.3,36,9,False,True,Intel,Windows,500,16
Intel NUC BXNUC10I5FNKN2 EUCord Barebone,447.42,B093Z4PVRK,0,3.0,1,14,False,False,Intel,no OS,unknown,unknown
Landalanya Replacement CPU Fan for Intel NUC NUC8 NUC8i7BEH NUC8i5BEH NUC8i3BEH Series BSC0805HA-00 D8008FN210613 5V 0.6A Fan,39.66,B09C4F6J76,0,4.8,6,-1,False,False,Intel,unknown,unknown,unknown
"Industry PC Core i7-5500U NUC Mini Desktop PC Fanless Mini PC, 2HDMI, 2LAN, 4USB3.0, 4USB2.0, 2RS232, WLAN, Bluetooth 4.0, 16GB RAM DDR3L, 512GB SSD+1TB HDD, Supports Windows 10 , Linux",741.30,B07S58ZHX4,0,3.8,14,27,False,False,unknown,Windows,512,16
"MINIS FORUM JB95 Mini PC, Intel Celeron Silver N5095 Processor Quad-Core CPU 8 GB / 128GB SSD Mini Desktop Computer with Windows 10, HDMI/DP/USB C Connector, USB 3.0×2, USB 3.1×2",239.00,B089CZ4QC6,34.00,4.2,358,8,False,True,Intel,Windows,128,unknown
"Intel NUC 11 Essential Windows 11, Atlas Canyon Celeron N5105, 4 Cores, 4 Threads, 2.9 GHz, 4MB Level 3 Cache, 46W TDP, Intel UHD Graphics",309.99,B0B8HWXN8F,30.00,4.4,14,8,False,True,Intel,Windows,unknown,unknown
"Intel NUC, NUC 10 i5, Intel® Core™ i5-10210U Mini PC, NUC10i5FNHN Barebone, up to 4.2 GHz, 4 cores, 8 threads, no OS",529.99,B0B1MN8WX5,0,4.8,8,21,False,True,Intel,no OS,unknown,unknown
"Fanless Mini PC, Industrial PC NUC Core i3 4005U with Windows 10 Pro Mini Desktop PC, 4GB RAM, 64GB SSD, 2*RS232-COM, LAN, HDMI, VGA, USB 3.0, Wi-Fi, BT4.0",349.65,B08H27XNVZ,0,5.0,3,27,False,False,unknown,Windows,64,4
"Beelink SEi 8279U - Mini PC with Windows 11 Pro, Intel i5-8279U, UHD 4K, RAM 8 GB DDR4, NVMe 500 GB SSD, SATA3 Slot, Wi-Fi AC, Gigabit Ethernet, Bluetooth 5.0, 2X HDMI, VESA, EUROPro. GUARANTEE",539.99,B0BGWTB2CD,0,-1,0,9,False,False,Intel,Windows,500,8
HP EliteDesk 800 G1 USDT Intel Core i5 256GB SSD Hard Drive 8GB Memory Win 10 Pro DVD Burner C8N28AV Ultra Slim PC Mini Computer (Refurbished),162.00,B07F1S9GXS,0,4.2,283,9,False,False,Intel,Windows,256,unknown
"Tarox ECO 44 Desktop PC (Intel Core i3 3217U, 1.8 GHz, 4 GB RAM, 128 GB SSD, Intel HD 4000, Win 8) Black, Fully Equipped Intel NUC System (Intel Next Unit of Computing)",563.35,B00BCHNPVG,0,4.0,1,-1,False,False,Intel,Windows,128,4
"Intel NUC, NUC 11 Pro Windows 10 Pro Desktop Mini PC, Intel® Core i5-1135G7 4-Core, 2.4GHz-4.2GHz Turbo, 8-Thread, 8MB Cache, 16GB RAM, 256GB PCIe SSD, 28 W. Intelle. ® Iris™ Xe Graphics, NUC11PAHi5",749.99,B0B1MN8LXD,70.00,5.0,2,21,False,True,Intel,Windows,256,16
"Mini PC Windows 11 Pro, MIPOWCAT Mini PC Core I5-8279U With 16GB DDR4 512GB M.2 2280 SSD, Iris Plus Graphics 655, HDMI USB-C VGA 4K@60Hz, WiFi6, BT5.0, fingerprint Unlock, M mini business computer",588.00,B09ZXRJ41S,200.00,4.6,31,9,False,False,Intel,Windows,512,16
Fujitsu Esprimo Q920 Core i5 8GB 128GB SSD Windows 10 Pro Mini-PC (Refurbished),169.00,B09GKND8XB,0,4.8,6,-1,False,False,Fujitsu,Windows,128,unknown
"MeLE Quieter3C Mini PC Fanless Celeron N5105 8GB 256GB Windows 11 Pro Micro Desktop Computer with Gigabit Ethernet, Full Function USB-C, WiFi 6, IPXE, HDMI2.0, DP 4K 3.2 2",359.99,B0B74KLMWQ,40.00,4.5,48,8,False,False,MeLE,Windows,unknown,unknown
"MINIX NEO J50C-8SE, 8GB/240GB Intel Celeron Mini PC with Windows 10 Pro (64-bit) [Dual-Band Wi-Fi/Gigabit Ethernet/4K @ 60Hz/Triple Display/USB-C/Auto Power On/Vesa Mount], Sold Directly by Minix.",329.90,B09B266PFW,0,4.4,23,8,False,False,Intel,Windows,unknown,unknown
"Intel NUC 11 Pro NUC11PAHi70Z Panther Canyon Lite Desktop Mini PC 11th Gen Intel® Core ™ i7-1165G7 Prozessor Bis zu 4,7 GHz Turbo,4 Core,8 Thread,12 MB Cache,28W,Win 11 Pro(16G RAM,1T SSD)",-1,B0BJK3L8CB,0,-1,0,-1,False,False,Intel,Windows,unknown,16
"CHUWI Mini PC LarkBox X, AMD Ryzen™7 3750H Processor up to 4GHz, 8GB DDR4 256GB SSD Mini Desktop Computer with Windows 11 OS, HDMI, DP and Type-C Connection, RJ45-LAN, WiFi 6, BT5.2, M.2 Plug Space, USB 3. 1 x 4",399.00,B00OKAHH8O,30.00,4.3,254,8,False,True,Chuwi,Windows,256,8
"STRHIGP Mini Desktop PC i7 11th Gen Windows 11 Pro Computer, 32GB RAM 1TB NVMe SSD, i7 1165G7 NUC (2.8GHz-4.7GHz) with Iris Xe Graphics, HDMI, DP, 6USB3.0, Micro Desktops PC, WiFiFi BT 4.2",-1,B09V6W7QHS,0,5.0,1,-1,False,False,STRHIGP,Windows,1024,32
Intel NUC Kit BOXNUC8I3BEK Bean Canyon UCFF,420.00,B07JW4X5TL,0,3.5,16,-1,False,False,Intel,unknown,unknown,unknown
"HSIPC New J4125 Quad Core Firewall Micro Appliance, Mini PC, Nano PC, Router PC with 8G RAM 128G SSD, 4 RJ45 2.5GBE Port AES-NI Compatible with Pfsense OPNsense",288.00,B09SG41H8D,0,4.4,23,8,False,False,unknown,unknown,unknown,8
Intel NUC Mini PC Intel Core i3-7100U 2x2.40GHz 32GB RAM 128GB SSD HDMI RJ-45 Mini DisplayPort Windows 10 Professional,555.00,B08B434886,0,-1,0,14,False,False,Intel,Windows,128,32
"Mini PC I3 Intel Core 8109U Mini PC with W11 Pro with 16GB DDR4 500GB SSD TRIGKEY Speed S Mini Computer Oficina W11 Pro, Dual HDMI 4K, WiFi 5, BT5.0, 4 x USB 3.0, Zoom, Ms Office. Netfilx",429.00,B09PNGVCVY,50.00,4.3,36,9,False,True,Intel,Windows,500,16
"Mini PC Windows 10 Pro, Benss Mini Computer with Intel 11th Gen Processor N5095 (4C/4T, up to 2.9GHz), 8GB DDR4/128GB SSD, Supports Triple Display 4K UHD, Gigabit Ethernet, WiFi, BT. Dual HDMI. VGA, PXE boot",229.00,B0B3CRKC94,0,3.5,2,8,False,False,Intel,Windows,128,8
Intel NUC BXNUC10I7FNK2 1GB DDR2 800MHz Memory Module,-1,B0846VQNDY,0,3.5,19,-1,False,False,Intel,unknown,unknown,unknown
"Intel NUC 11 Essential Kit Barebone System 0.56L Sized Mini PC Desktop, Intel Quad-Core Celeron Processor, No RAM, No Storage, 802.11AC WiFi, Bluetooth 5.0, HDMI, DisplayPort, No OS, 64GB Flash Drive",-1,B09W2KZZKX,0,5.0,1,-1,False,False,Intel,no OS,unknown,unknown
"Mini PC Windows 11 Pro with Intel Core i5-11320H Desktop PC Minisforum DeskMini TH50 16GB RAM 512G PCle SSD Mini Computer, Triple HDMI/USB 4 / Display Video Output, Dual LAN 2.5G Micro PC",579.99,B09WPF187D,60.00,4.1,46,9,False,True,Intel,Windows,unknown,16
